acs-aem-commons-374231969,7131,0,23,8,4,11,0,0,9,0,Not found,0,Not found,0,Not found,33.152
acs-aem-commons-374231978,7131,0,23,8,4,11,0,0,9,0,Not found,0,Not found,0,Not found,28.213
acs-aem-commons-461893214,7638,0,26,10,5,11,0,1,9,0,Not found,0,Not found,0,Not found,29.341
artemis-odb-71816517,3816,0,10,1,9,0,0,0,2,0,Not found,0,Not found,0,Not found,1102.337
artemis-odb-74488108,1931,0,4,2,2,0,0,0,1,0,Not found,0,Not found,0,Not found,486.116
atomix-298262068,10155,0,22,12,2,8,0,0,2,0,Not found,0,Not found,0,Not found,34.714
BungeeCord-130330788,5028,0,21,12,2,7,0,0,1,1,All are found,1,All are found,1,All are found,94.529
byte-buddy-123642634,8867,0,4,0,0,4,0,0,1,0,Not found,0,Not found,0,Not found,38.125
byte-buddy-140517155,9327,0,4,0,0,4,0,0,1,0,Not found,0,Not found,0,Not found,46.785
byte-buddy-148275738,9414,0,4,0,0,4,0,0,1,0,Not found,0,Not found,0,Not found,42.345
byte-buddy-148830162,9434,0,4,0,0,4,0,0,2,0,Not found,0,Not found,0,Not found,43.977
byte-buddy-95795967,7354,0,5,0,0,5,0,0,1,0,Not found,0,Not found,0,Not found,28.107
chart-14,7698,0,146,123,7,16,0,0,4,0,Not found,0,Not found,0,Not found,47.693
chart-16,7667,0,146,123,7,16,0,0,7,0,Not found,0,Not found,0,Not found,46.619
chart-4,8592,0,160,135,9,16,0,0,12,12,All are found,12,All are found,12,All are found,55.607
Cli-30,246,0,5,5,0,0,0,0,4,0,Not found,0,Not found,0,Not found,1.478
Cli-5,195,0,0,0,0,0,0,0,2,0,Not found,0,Not found,0,Not found,1.057
closure-2,13694,0,757,313,283,161,0,0,1,0,Not found,0,Not found,0,Not found,527.126
Csv-11,124,0,2,0,0,2,0,0,1,0,Not found,0,Not found,0,Not found,1.303
Csv-4,116,0,2,0,0,2,0,0,1,0,Not found,0,Not found,0,Not found,1.369
Csv-9,121,0,2,0,0,2,0,0,1,0,Not found,0,Not found,0,Not found,1.237
dataverse-402758963,12223,0,461,162,220,79,0,0,1,0,Not found,0,Not found,0,Not found,2215.973
deadcode4j-131735009,906,0,6,0,0,6,0,0,2,0,Not found,0,Not found,0,Not found,3.298
dubbo-416671625,17333,0,384,240,87,57,0,0,4,0,Not found,0,Not found,0,Not found,116.597
JacksonDatabind-107,7614,0,112,32,62,18,0,0,1,0,Not found,1,All are found,1,All are found,48.847
JacksonDatabind-13,6528,0,99,32,43,24,0,0,1,0,Not found,0,Not found,0,Not found,38.246
JacksonDatabind-3,6129,0,97,29,43,25,0,0,1,0,Not found,0,Not found,1,All are found,34.109
JacksonDatabind-36,6954,0,104,37,47,20,0,0,1,0,Not found,0,Not found,0,Not found,38.973
JacksonDatabind-80,7538,0,123,32,53,38,0,0,1,0,Not found,0,Not found,0,Not found,45.659
JacksonDatabind-93,7218,0,106,36,47,23,0,0,1,0,Not found,0,Not found,0,Not found,43.692
JacksonDatabind-95,7219,0,106,36,47,23,0,0,1,1,All are found,1,All are found,1,All are found,43.623
jannovar-146105695,4447,0,132,77,47,8,0,0,4,0,Not found,4,All are found,4,All are found,59.067
jannovar-249719464,5480,0,132,73,55,4,0,0,4,0,Not found,0,Not found,0,Not found,80.874
Jsoup-89,1581,0,36,8,12,16,0,0,1,0,Not found,0,Not found,0,Not found,6.455
lang-20,4762,0,76,32,42,2,0,0,2,0,Not found,0,Not found,0,Not found,32.663
lang-33,2093,0,4,2,0,2,0,0,1,0,Not found,0,Not found,0,Not found,13.169
lang-39,2040,0,5,3,0,2,0,0,1,0,Not found,0,Not found,0,Not found,13.017
languagetool-393031702,13549,0,123,34,15,74,0,0,1,0,Not found,0,Not found,0,Not found,485.813
math-4,7646,0,45,39,5,1,0,0,2,1,Part are found,2,All are found,2,All are found,1264.325
math-70,4731,0,5,2,3,0,0,0,1,0,Not found,0,Not found,0,Not found,58.886
math-79,4506,0,5,2,3,0,0,0,1,0,Not found,1,All are found,1,All are found,47.688
nutz-90868641,6251,0,179,33,115,31,0,0,2,0,Not found,0,Not found,0,Not found,55.796
OpenID-Connect-Java-Spring-Server-358117230,2727,0,9,0,6,3,0,0,2,0,Not found,0,Not found,0,Not found,145.921
openpnp-213669200,5301,0,29,3,22,4,0,0,1,0,Not found,0,Not found,1,All are found,31.476
orbit-237244974,6504,0,21,8,12,1,0,0,1,0,Not found,0,Not found,0,Not found,446.085
restcountries-152161308,199,0,0,0,0,0,0,0,7,0,Not found,0,Not found,0,Not found,0.639
restcountries-154683750,199,0,0,0,0,0,0,0,6,0,Not found,0,Not found,0,Not found,0.627
restcountries-207869551,200,0,0,0,0,0,0,0,1,0,Not found,0,Not found,0,Not found,0.606
okhttp-528014967,3150,0,84,19,6,59,0,0,1,0,Not found,0,Not found,1,All are found,21.304
okhttp-93618854,3365,0,22,7,9,6,0,0,2,0,Not found,0,Not found,0,Not found,34.023
stdlib-290369132,5032,0,41,3,30,8,0,0,9,9,All are found,9,All are found,9,All are found,24.034
traccar-255051211,3678,0,70,7,63,0,0,0,145,145,All are found,145,All are found,145,All are found,74.87
traccar-64783123,1076,0,9,2,5,2,0,0,1,0,Not found,0,Not found,1,All are found,8.308
traccar-85219838,1441,0,13,0,13,0,0,0,1,0,Not found,0,Not found,0,Not found,12.733
Universal-G-Code-Sender-172454077,6033,0,48,12,26,10,0,0,2,0,Not found,0,Not found,0,Not found,190.84
Universal-G-Code-Sender-243265926,6197,0,61,15,31,15,0,0,1,0,Not found,0,Not found,0,Not found,204.823
YCSB-334968079,2238,0,18,6,1,11,0,0,1,0,Not found,0,Not found,0,Not found,10.45
