acs-aem-commons-374231969,7131,0,5,2,0,3,0,0,9,0,Not found,0,Not found,0,Not found,26.044
acs-aem-commons-374231978,7131,0,5,2,0,3,0,0,9,0,Not found,0,Not found,0,Not found,21.786
acs-aem-commons-461893214,7638,0,6,2,0,4,0,1,9,0,Not found,0,Not found,0,Not found,22.835
artemis-odb-71816517,3816,0,0,0,0,0,0,0,2,0,Not found,0,Not found,0,Not found,19.011
artemis-odb-74488108,1931,0,0,0,0,0,0,0,1,0,Not found,0,Not found,0,Not found,5.369
atomix-298262068,10155,0,4,0,0,4,0,0,2,0,Not found,0,Not found,0,Not found,30.087
BungeeCord-130330788,5028,0,15,10,0,5,0,0,1,1,All are found,1,All are found,1,All are found,37.275
byte-buddy-123642634,8867,0,0,0,0,0,0,0,1,0,Not found,0,Not found,0,Not found,35.171
byte-buddy-140517155,9327,0,0,0,0,0,0,0,1,0,Not found,0,Not found,0,Not found,43.129
byte-buddy-148275738,9414,0,0,0,0,0,0,0,1,0,Not found,0,Not found,0,Not found,39.189
byte-buddy-148830162,9434,0,0,0,0,0,0,0,2,0,Not found,0,Not found,0,Not found,41.019
byte-buddy-95795967,7354,0,1,0,0,1,0,0,1,0,Not found,0,Not found,0,Not found,27.143
chart-14,7698,0,32,29,0,3,0,0,4,0,Not found,0,Not found,0,Not found,27.628
chart-16,7667,0,33,29,0,4,0,0,7,0,Not found,0,Not found,0,Not found,28.123
chart-4,8592,0,36,32,0,4,0,0,12,0,Not found,0,Not found,12,All are found,30.937
Cli-30,246,0,0,0,0,0,0,0,4,0,Not found,0,Not found,0,Not found,0.695
Cli-5,195,0,0,0,0,0,0,0,2,0,Not found,0,Not found,0,Not found,0.725
closure-2,13694,0,169,124,0,45,0,0,1,0,Not found,0,Not found,0,Not found,93.481
Csv-11,124,0,0,0,0,0,0,0,1,0,Not found,0,Not found,0,Not found,0.548
Csv-4,116,0,0,0,0,0,0,0,1,0,Not found,0,Not found,0,Not found,0.5
Csv-9,121,0,0,0,0,0,0,0,1,0,Not found,0,Not found,0,Not found,0.514
dataverse-402758963,12223,0,85,60,0,25,0,0,1,0,Not found,0,Not found,0,Not found,66.146
deadcode4j-131735009,906,0,0,0,0,0,0,0,2,0,Not found,0,Not found,0,Not found,2.495
dubbo-416671625,17333,0,35,21,0,14,0,0,4,0,Not found,0,Not found,0,Not found,82.1
JacksonDatabind-107,7614,0,43,20,0,23,0,0,1,0,Not found,0,Not found,0,Not found,28.364
JacksonDatabind-13,6528,0,45,24,0,21,0,0,1,0,Not found,0,Not found,0,Not found,22.233
JacksonDatabind-3,6129,0,46,24,0,22,0,0,1,0,Not found,0,Not found,1,All are found,20.369
JacksonDatabind-36,6954,0,41,23,0,18,0,0,1,0,Not found,0,Not found,0,Not found,23.891
JacksonDatabind-80,7538,0,45,20,0,25,0,0,1,0,Not found,0,Not found,0,Not found,28.674
JacksonDatabind-93,7218,0,44,24,0,20,0,0,1,0,Not found,0,Not found,0,Not found,26.154
JacksonDatabind-95,7219,0,44,24,0,20,0,0,1,1,All are found,1,All are found,1,All are found,25.761
jannovar-146105695,4447,0,9,1,0,8,0,0,4,0,Not found,0,Not found,0,Not found,27.688
jannovar-249719464,5480,0,5,1,0,4,0,0,4,0,Not found,0,Not found,0,Not found,33.946
Jsoup-89,1581,0,1,1,0,0,0,0,1,0,Not found,0,Not found,0,Not found,4.455
lang-20,4762,0,30,29,0,1,0,0,2,0,Not found,0,Not found,0,Not found,21.141
lang-33,2093,0,4,2,0,2,0,0,1,0,Not found,0,Not found,0,Not found,6.726
lang-39,2040,0,5,3,0,2,0,0,1,0,Not found,0,Not found,0,Not found,6.626
languagetool-393031702,13549,0,133,127,0,6,0,0,1,0,Not found,0,Not found,0,Not found,95.515
math-4,7646,0,20,19,0,1,0,0,2,0,Not found,0,Not found,0,Not found,90.732
math-70,4731,0,2,2,0,0,0,0,1,0,Not found,0,Not found,0,Not found,17.814
math-79,4506,0,2,2,0,0,0,0,1,0,Not found,0,Not found,0,Not found,17.877
nutz-90868641,6251,0,38,29,0,9,0,0,2,0,Not found,0,Not found,0,Not found,21.702
OpenID-Connect-Java-Spring-Server-358117230,2727,0,0,0,0,0,0,0,2,0,Not found,0,Not found,0,Not found,38.738
openpnp-213669200,5301,0,4,4,0,0,0,0,1,1,All are found,1,All are found,1,All are found,14.92
orbit-237244974,6504,0,2,1,0,1,0,0,1,0,Not found,0,Not found,0,Not found,108.573
restcountries-152161308,199,0,0,0,0,0,0,0,7,0,Not found,0,Not found,0,Not found,0.487
restcountries-154683750,199,0,0,0,0,0,0,0,6,0,Not found,0,Not found,0,Not found,0.484
restcountries-207869551,200,0,0,0,0,0,0,0,1,0,Not found,0,Not found,0,Not found,0.528
okhttp-528014967,3150,0,85,80,0,5,0,0,1,1,All are found,1,All are found,1,All are found,9.521
okhttp-93618854,3365,0,7,4,0,3,0,0,2,0,Not found,0,Not found,0,Not found,20.33
stdlib-290369132,5032,0,8,3,0,5,0,0,9,9,All are found,9,All are found,9,All are found,14.429
traccar-255051211,3678,0,7,7,0,0,0,0,145,145,All are found,145,All are found,145,All are found,18.754
traccar-64783123,1076,0,4,2,0,2,0,0,1,0,Not found,0,Not found,1,All are found,4.921
traccar-85219838,1441,0,0,0,0,0,0,0,1,0,Not found,0,Not found,0,Not found,6.942
Universal-G-Code-Sender-172454077,6033,0,4,3,0,1,0,0,2,0,Not found,0,Not found,0,Not found,135.136
Universal-G-Code-Sender-243265926,6197,0,5,3,0,2,0,0,1,0,Not found,0,Not found,0,Not found,145.075
YCSB-334968079,2238,0,12,3,0,9,0,0,1,0,Not found,0,Not found,0,Not found,6.6
