[
	{
		"declaringClass":"com.fasterxml.jackson.databind.ser.std.IterableSerializer",
		"declaringMethod":"com.fasterxml.jackson.databind.ser.std.IterableSerializer.serializeContents(java.lang.Iterable,com.fasterxml.jackson.core.JsonGenerator,com.fasterxml.jackson.databind.SerializerProvider)",
		"dereferenceBase":"currSerializer",
		"dereferencePart":"currSerializer.serialize(elem,jgen,provider)",
		"javaFile":"\\Experiments\\.\\BugSwarmProjects\\JacksonDatabind-95\\src\\main\\java\\com\\fasterxml\\jackson\\databind\\ser\\std\\IterableSerializer.java",
		"lineNo":107,
		"nullValue":"{declaringClass='IterableSerializer', lineNo=85, type=FROM_ASSIGN,traces=none}",
		"projectName":"JacksonDatabind-95",
		"right":true,
		"riskLevel":"HIGH"
	},
	{
		"declaringClass":"com.google.javascript.jscomp.InstrumentFunctions$RemoveCallback",
		"declaringMethod":"com.google.javascript.jscomp.InstrumentFunctions$RemoveCallback.visit(com.google.javascript.jscomp.NodeTraversal,com.google.javascript.rhino.Node,com.google.javascript.rhino.Node)",
		"dereferenceBase":"parent",
		"dereferencePart":"parent.removeChild()",
		"javaFile":"\\Experiments\\.\\BugSwarmProjects\\closure-2\\src\\com\\google\\javascript\\jscomp\\InstrumentFunctions.java",
		"lineNo":176,
		"nullValue":"{declaringClass='NodeTraversal', lineNo=277, type=FROM_ASSIGN,traces=[PASS_AT_NodeTraversal_277, PASS_AT_NodeTraversal_505]}",
		"projectName":"closure-2",
		"right":true,
		"riskLevel":"HIGH"
	},
	{
		"declaringClass":"com.adobe.acs.commons.workflow.bulk.execution.impl.runners.AbstractWorkflowRunner",
		"declaringMethod":"com.adobe.acs.commons.workflow.bulk.execution.impl.runners.AbstractWorkflowRunner.stopWithError(com.adobe.acs.commons.workflow.bulk.execution.model.Workspace)",
		"dereferenceBase":"workspace",
		"dereferencePart":"workspace.setStatus(Status.STOPPED,SubStatus.ERROR)",
		"javaFile":"\\Experiments\\.\\BugSwarmProjects\\acs-aem-commons-374231978\\bundle\\src\\main\\java\\com\\adobe\\acs\\commons\\workflow\\bulk\\execution\\impl\\runners\\AbstractWorkflowRunner.java",
		"lineNo":158,
		"nullValue":"{declaringClass='AEMTransientWorkflowRunnerImpl$AEMTransientWorkflowRunnable', lineNo=134, type=FROM_ASSIGN,traces=[PASS_AT_AEMTransientWorkflowRunnerImpl$AEMTransientWorkflowRunnable_219, PASS_AT_AbstractAEMWorkflowRunner_128]}",
		"projectName":"acs-aem-commons-374231978",
		"right":true,
		"riskLevel":"HIGH"
	},
	{
		"declaringClass":"org.jfree.chart.util.RectangleAnchor",
		"declaringMethod":"org.jfree.chart.util.RectangleAnchor.coordinates(java.awt.geom.Rectangle2D,org.jfree.chart.util.RectangleAnchor)",
		"dereferenceBase":"rectangle",
		"dereferencePart":"rectangle.getMaxX()",
		"javaFile":"\\Experiments\\.\\BugSwarmProjects\\chart-16\\source\\org\\jfree\\chart\\util\\RectangleAnchor.java",
		"lineNo":177,
		"nullValue":"{declaringClass='AbstractCategoryItemRenderer', lineNo=1181, type=FROM_ASSIGN,traces=[PASS_AT_AbstractCategoryItemRenderer_1190]}",
		"projectName":"chart-16",
		"right":false,
		"riskLevel":"HIGH"
	},
	{
		"declaringClass":"com.google.javascript.jscomp.FunctionArgumentInjector",
		"declaringMethod":"com.google.javascript.jscomp.FunctionArgumentInjector.canNameValueChange(com.google.javascript.rhino.Node,com.google.javascript.rhino.Node)",
		"dereferenceBase":"parent",
		"dereferencePart":"parent.getType()",
		"javaFile":"\\Experiments\\.\\BugSwarmProjects\\closure-2\\src\\com\\google\\javascript\\jscomp\\FunctionArgumentInjector.java",
		"lineNo":233,
		"nullValue":"{declaringClass='FunctionArgumentInjector', lineNo=172, type=FROM_ASSIGN,traces=[PASS_AT_FunctionArgumentInjector_172, PASS_AT_FunctionArgumentInjector_201]}",
		"projectName":"closure-2",
		"right":true,
		"riskLevel":"HIGH"
	},
	{
		"declaringClass":"com.fasterxml.jackson.databind.deser.BasicDeserializerFactory",
		"declaringMethod":"com.fasterxml.jackson.databind.deser.BasicDeserializerFactory._addDeserializerFactoryMethods(com.fasterxml.jackson.databind.DeserializationContext,com.fasterxml.jackson.databind.BeanDescription,com.fasterxml.jackson.databind.introspect.VisibilityChecker,com.fasterxml.jackson.databind.AnnotationIntrospector,com.fasterxml.jackson.databind.deser.impl.CreatorCollector,java.util.Map)",
		"dereferenceBase":"argDef#16",
		"dereferencePart":"argDef#16.getIndex()",
		"javaFile":"\\Experiments\\.\\BugSwarmProjects\\JacksonDatabind-95\\src\\main\\java\\com\\fasterxml\\jackson\\databind\\deser\\BasicDeserializerFactory.java",
		"lineNo":777,
		"nullValue":"{declaringClass='BasicDeserializerFactory', lineNo=714, type=FROM_ASSIGN,traces=none}",
		"projectName":"JacksonDatabind-95",
		"right":true,
		"riskLevel":"HIGH"
	},
	{
		"declaringClass":"org.apache.commons.math3.analysis.differentiation.DSCompiler",
		"declaringMethod":"org.apache.commons.math3.analysis.differentiation.DSCompiler.compileCompositionIndirection(int,int,org.apache.commons.math3.analysis.differentiation.DSCompiler,org.apache.commons.math3.analysis.differentiation.DSCompiler,int[][],int[][])",
		"dereferenceBase":"valueCompiler",
		"dereferencePart":"valueCompiler.compIndirection",
		"javaFile":"\\Experiments\\.\\BugSwarmProjects\\math-4\\src\\main\\java\\org\\apache\\commons\\math3\\analysis\\differentiation\\DSCompiler.java",
		"lineNo":422,
		"nullValue":"{declaringClass='DSCompiler', lineNo=219, type=FROM_ASSIGN,traces=[PASS_AT_DSCompiler_221, PASS_AT_DSCompiler_179]}",
		"projectName":"math-4",
		"right":false,
		"riskLevel":"HIGH"
	},
	{
		"declaringClass":"edu.harvard.iq.dataverse.api.imports.ImportServiceBean",
		"declaringMethod":"edu.harvard.iq.dataverse.api.imports.ImportServiceBean.doImport(edu.harvard.iq.dataverse.engine.command.DataverseRequest,edu.harvard.iq.dataverse.Dataverse,java.lang.String,java.lang.String,edu.harvard.iq.dataverse.api.imports.ImportUtil$ImportType,java.io.PrintWriter)",
		"dereferenceBase":"cleanupLog",
		"dereferencePart":"cleanupLog.println()",
		"javaFile":"\\Experiments\\.\\BugSwarmProjects\\dataverse-402758963\\src\\main\\java\\edu\\harvard\\iq\\dataverse\\api\\imports\\ImportServiceBean.java",
		"lineNo":475,
		"nullValue":"{declaringClass='BatchImport', lineNo=110, type=FROM_ASSIGN,traces=[PASS_AT_BatchImport_110]}",
		"projectName":"dataverse-402758963",
		"right":true,
		"riskLevel":"HIGH"
	},
	{
		"declaringClass":"com.google.javascript.jscomp.NameAnalyzer$FindReferences",
		"declaringMethod":"com.google.javascript.jscomp.NameAnalyzer$FindReferences.visit(com.google.javascript.jscomp.NodeTraversal,com.google.javascript.rhino.Node,com.google.javascript.rhino.Node)",
		"dereferenceBase":"parent",
		"dereferencePart":"parent.isInstanceOf()",
		"javaFile":"\\Experiments\\.\\BugSwarmProjects\\closure-2\\src\\com\\google\\javascript\\jscomp\\NameAnalyzer.java",
		"lineNo":838,
		"nullValue":"{declaringClass='NodeTraversal', lineNo=277, type=FROM_ASSIGN,traces=[PASS_AT_NodeTraversal_277, PASS_AT_NodeTraversal_505]}",
		"projectName":"closure-2",
		"right":true,
		"riskLevel":"HIGH"
	},
	{
		"declaringClass":"net.md_5.bungee.UserConnection",
		"declaringMethod":"net.md_5.bungee.UserConnection.chat(java.lang.String)",
		"dereferenceBase":"this.server",
		"dereferencePart":"this.server.getCh()",
		"javaFile":"\\Experiments\\.\\BugSwarmProjects\\BungeeCord-130330788\\proxy\\src\\main\\java\\net\\md_5\\bungee\\UserConnection.java",
		"lineNo":401,
		"nullValue":"{declaringClass='UserConnection', lineNo=400, type=FROM_NULL_CHECK,traces=none}",
		"projectName":"BungeeCord-130330788",
		"right": false,
		"riskLevel":"LOW"
	},
	{
		"declaringClass":"com.fasterxml.jackson.databind.deser.std.MapDeserializer",
		"declaringMethod":"com.fasterxml.jackson.databind.deser.std.MapDeserializer._readAndBindStringMap(com.fasterxml.jackson.core.JsonParser,com.fasterxml.jackson.databind.DeserializationContext,java.util.Map)",
		"dereferenceBase":"referringAccumulator",
		"dereferencePart":"referringAccumulator.put(key,value)",
		"javaFile":"\\Experiments\\.\\BugSwarmProjects\\JacksonDatabind-36\\src\\main\\java\\com\\fasterxml\\jackson\\databind\\deser\\std\\MapDeserializer.java",
		"lineNo":500,
		"nullValue":"{declaringClass='MapDeserializer', lineNo=463, type=FROM_ASSIGN,traces=none}",
		"projectName":"JacksonDatabind-36",
		"right":null,
		"riskLevel":"HIGH"
	},
	{
		"declaringClass":"org.jfree.chart.util.RectangleAnchor",
		"declaringMethod":"org.jfree.chart.util.RectangleAnchor.coordinates(java.awt.geom.Rectangle2D,org.jfree.chart.util.RectangleAnchor)",
		"dereferenceBase":"rectangle",
		"dereferencePart":"rectangle.getCenterX()",
		"javaFile":"\\Experiments\\.\\BugSwarmProjects\\chart-16\\source\\org\\jfree\\chart\\util\\RectangleAnchor.java",
		"lineNo":168,
		"nullValue":"{declaringClass='AbstractCategoryItemRenderer', lineNo=1181, type=FROM_ASSIGN,traces=[PASS_AT_AbstractCategoryItemRenderer_1190]}",
		"projectName":"chart-16",
		"right":null,
		"riskLevel":"HIGH"
	},
	{
		"declaringClass":"com.fasterxml.jackson.databind.deser.BeanDeserializerBase",
		"declaringMethod":"com.fasterxml.jackson.databind.deser.BeanDeserializerBase.createContextual(com.fasterxml.jackson.databind.DeserializationContext,com.fasterxml.jackson.databind.BeanProperty)",
		"dereferenceBase":"intr",
		"dereferencePart":"intr.findPropertyIgnorals()",
		"javaFile":"\\Experiments\\.\\BugSwarmProjects\\JacksonDatabind-93\\src\\main\\java\\com\\fasterxml\\jackson\\databind\\deser\\BeanDeserializerBase.java",
		"lineNo":717,
		"nullValue":"{declaringClass='BeanDeserializerBase', lineNo=676, type=FROM_NULL_CHECK,traces=none}",
		"projectName":"JacksonDatabind-93",
		"right":null,
		"riskLevel":"LOW"
	},
	{
		"declaringClass":"org.languagetool.tagging.uk.CompoundTagger",
		"declaringMethod":"org.languagetool.tagging.uk.CompoundTagger.oAdjMatch(java.lang.String,java.util.List,java.lang.String)",
		"dereferenceBase":"taggedWord#17",
		"dereferencePart":"taggedWord#17.startsWith()",
		"javaFile":"\\Experiments\\.\\BugSwarmProjects\\languagetool-393031702\\languagetool-language-modules\\uk\\src\\main\\java\\org\\languagetool\\tagging\\uk\\CompoundTagger.java",
		"lineNo":862,
		"nullValue":"none",
		"projectName":"languagetool-393031702",
		"right": true,
		"riskLevel":"HIGH"
	},
	{
		"declaringClass":"com.google.javascript.jscomp.RenameVars",
		"declaringMethod":"com.google.javascript.jscomp.RenameVars.getLocalVarIndex(com.google.javascript.jscomp.Scope$Var)",
		"dereferenceBase":"v",
		"dereferencePart":"v.index",
		"javaFile":"\\Experiments\\.\\BugSwarmProjects\\closure-2\\src\\com\\google\\javascript\\jscomp\\RenameVars.java",
		"lineNo":545,
		"nullValue":"{declaringClass='RenameVars$ProcessVars', lineNo=228, type=FROM_NULL_CHECK,traces=[PASS_AT_RenameVars$ProcessVars_272, PASS_AT_RenameVars_46]}",
		"projectName":"closure-2",
		"right": false,
		"riskLevel":"LOW"
	},
	{
		"declaringClass":"com.fasterxml.jackson.databind.introspect.POJOPropertiesCollector",
		"declaringMethod":"com.fasterxml.jackson.databind.introspect.POJOPropertiesCollector._addGetterMethod(java.util.Map,com.fasterxml.jackson.databind.introspect.AnnotatedMethod,com.fasterxml.jackson.databind.AnnotationIntrospector)",
		"dereferenceBase":"ai",
		"dereferencePart":"ai.hasAnyGetter()",
		"javaFile":"\\Experiments\\.\\BugSwarmProjects\\JacksonDatabind-80\\src\\main\\java\\com\\fasterxml\\jackson\\databind\\introspect\\POJOPropertiesCollector.java",
		"lineNo":557,
		"nullValue":"{declaringClass='POJOPropertiesCollector', lineNo=535, type=FROM_NULL_CHECK,traces=[PASS_AT_POJOPropertiesCollector_531]}",
		"projectName":"JacksonDatabind-80",
		"right": true,
		"riskLevel":"LOW"
	},
	{
		"declaringClass":"com.google.javascript.jscomp.NodeUtil",
		"declaringMethod":"com.google.javascript.jscomp.NodeUtil.removeChild(com.google.javascript.rhino.Node,com.google.javascript.rhino.Node)",
		"dereferenceBase":"parent",
		"dereferencePart":"parent.isVar()",
		"javaFile":"\\Experiments\\.\\BugSwarmProjects\\closure-2\\src\\com\\google\\javascript\\jscomp\\NodeUtil.java",
		"lineNo":1818,
		"nullValue":"{declaringClass='NodeTraversal', lineNo=277, type=FROM_ASSIGN,traces=[PASS_AT_NodeTraversal_277, PASS_AT_NodeTraversal_505, PASS_AT_StripCode$Strip_105, PASS_AT_StripCode$Strip_167, PASS_AT_StripCode$Strip_605]}",
		"projectName":"closure-2",
		"right":null,
		"riskLevel":"HIGH"
	},
	{
		"declaringClass":"com.fasterxml.jackson.databind.JsonSerializer",
		"declaringMethod":"com.fasterxml.jackson.databind.JsonSerializer.serializeWithType(java.lang.Object,com.fasterxml.jackson.core.JsonGenerator,com.fasterxml.jackson.databind.SerializerProvider,com.fasterxml.jackson.databind.jsontype.TypeSerializer)",
		"dereferenceBase":"value",
		"dereferencePart":"value.getClass()",
		"javaFile":"\\Experiments\\.\\BugSwarmProjects\\JacksonDatabind-95\\src\\main\\java\\com\\fasterxml\\jackson\\databind\\JsonSerializer.java",
		"lineNo":158,
		"nullValue":"{declaringClass='MapSerializer', lineNo=848, type=FROM_NULL_CHECK,traces=[PASS_AT_MapSerializer_874]}",
		"projectName":"JacksonDatabind-95",
		"right": true,
		"riskLevel":"LOW"
	},
	{
		"declaringClass":"com.fasterxml.jackson.databind.ser.BasicSerializerFactory",
		"declaringMethod":"com.fasterxml.jackson.databind.ser.BasicSerializerFactory.buildMapEntrySerializer(com.fasterxml.jackson.databind.SerializerProvider,com.fasterxml.jackson.databind.JavaType,com.fasterxml.jackson.databind.BeanDescription,boolean,com.fasterxml.jackson.databind.JavaType,com.fasterxml.jackson.databind.JavaType)",
		"dereferenceBase":"inclV",
		"dereferencePart":"inclV.getContentFilter()",
		"javaFile":"\\Experiments\\.\\BugSwarmProjects\\JacksonDatabind-80\\src\\main\\java\\com\\fasterxml\\jackson\\databind\\ser\\BasicSerializerFactory.java",
		"lineNo":905,
		"nullValue":"{declaringClass='BasicSerializerFactory', lineNo=877, type=FROM_NULL_CHECK,traces=none}",
		"projectName":"JacksonDatabind-80",
		"right": false,
		"riskLevel":"LOW"
	},
	{
		"declaringClass":"com.google.javascript.jscomp.InlineVariables$InliningBehavior",
		"declaringMethod":"com.google.javascript.jscomp.InlineVariables$InliningBehavior.removeDeclaration(com.google.javascript.jscomp.ReferenceCollectingCallback$Reference)",
		"dereferenceBase":"declaration",
		"dereferencePart":"declaration.getParent()",
		"javaFile":"\\Experiments\\.\\BugSwarmProjects\\closure-2\\src\\com\\google\\javascript\\jscomp\\InlineVariables.java",
		"lineNo":416,
		"nullValue":"{declaringClass='InlineVariables$InliningBehavior', lineNo=399, type=FROM_ASSIGN,traces=[PASS_AT_InlineVariables$InliningBehavior_409]}",
		"projectName":"closure-2",
		"right": true,
		"riskLevel":"HIGH"
	},
	{
		"declaringClass":"com.fasterxml.jackson.databind.DeserializationContext",
		"declaringMethod":"com.fasterxml.jackson.databind.DeserializationContext.readPropertyValue(com.fasterxml.jackson.core.JsonParser,com.fasterxml.jackson.databind.BeanProperty,com.fasterxml.jackson.databind.JavaType)",
		"dereferenceBase":"deser",
		"dereferencePart":"deser.deserialize(p,this)",
		"javaFile":"\\Experiments\\.\\BugSwarmProjects\\JacksonDatabind-13\\src\\main\\java\\com\\fasterxml\\jackson\\databind\\DeserializationContext.java",
		"lineNo":762,
		"nullValue":"{declaringClass='DeserializationContext', lineNo=759, type=FROM_NULL_CHECK,traces=none}",
		"projectName":"JacksonDatabind-13",
		"right": true,
		"riskLevel":"LOW"
	},
	{
		"declaringClass":"org.languagetool.rules.LongParagraphRule",
		"declaringMethod":"org.languagetool.rules.LongParagraphRule.match(java.util.List)",
		"dereferenceBase":"lastToken",
		"dereferencePart":"lastToken.getEndPos()",
		"javaFile":"\\Experiments\\.\\BugSwarmProjects\\languagetool-393031702\\languagetool-core\\src\\main\\java\\org\\languagetool\\rules\\LongParagraphRule.java",
		"lineNo":133,
		"nullValue":"{declaringClass='LongParagraphRule', lineNo=119, type=FROM_ASSIGN,traces=none}",
		"projectName":"languagetool-393031702",
		"right": true,
		"riskLevel":"HIGH"
	},
	{
		"declaringClass":"com.google.javascript.jscomp.ReplaceStrings",
		"declaringMethod":"com.google.javascript.jscomp.ReplaceStrings.recordReplacement(com.google.javascript.rhino.Node,java.lang.String,java.lang.String)",
		"dereferenceBase":"result",
		"dereferencePart":"result.addLocation()",
		"javaFile":"\\Experiments\\.\\BugSwarmProjects\\closure-2\\src\\com\\google\\javascript\\jscomp\\ReplaceStrings.java",
		"lineNo":373,
		"nullValue":"{declaringClass='ReplaceStrings', lineNo=371, type=FROM_NULL_CHECK,traces=none}",
		"projectName":"closure-2",
		"right": false,
		"riskLevel":"LOW"
	},
	{
		"declaringClass":"com.google.javascript.jscomp.ProcessClosurePrimitives",
		"declaringMethod":"com.google.javascript.jscomp.ProcessClosurePrimitives.visit(com.google.javascript.jscomp.NodeTraversal,com.google.javascript.rhino.Node,com.google.javascript.rhino.Node)",
		"dereferenceBase":"parent",
		"dereferencePart":"parent.isExprResult()",
		"javaFile":"\\Experiments\\.\\BugSwarmProjects\\closure-2\\src\\com\\google\\javascript\\jscomp\\ProcessClosurePrimitives.java",
		"lineNo":176,
		"nullValue":"{declaringClass='NodeTraversal', lineNo=277, type=FROM_ASSIGN,traces=[PASS_AT_NodeTraversal_277, PASS_AT_NodeTraversal_505]}",
		"projectName":"closure-2",
		"right": true,
		"riskLevel":"HIGH"
	},
	{
		"declaringClass":"com.willwinder.universalgcodesender.GrblSimulator",
		"declaringMethod":"com.willwinder.universalgcodesender.GrblSimulator.runSimulation(java.util.Collection)",
		"dereferenceBase":"parserThread",
		"dereferencePart":"parserThread.isAlive()",
		"javaFile":"\\Experiments\\.\\BugSwarmProjects\\Universal-G-Code-Sender-243265926\\ugs-core\\src\\com\\willwinder\\universalgcodesender\\GrblSimulator.java",
		"lineNo":74,
		"nullValue":"{declaringClass='GrblSimulator', lineNo=44, type=FROM_ASSIGN,traces=none}",
		"projectName":"Universal-G-Code-Sender-243265926",
		"right": true,
		"riskLevel":"HIGH"
	},
	{
		"declaringClass":"okhttp3.internal.cache.CacheInterceptor",
		"declaringMethod":"okhttp3.internal.cache.CacheInterceptor.intercept(okhttp3.Interceptor$Chain)",
		"dereferenceBase":"networkResponse",
		"dereferencePart":"networkResponse.newBuilder()",
		"javaFile":"\\Experiments\\.\\BugSwarmProjects\\okhttp-528014967\\okhttp\\src\\main\\java\\okhttp3\\internal\\cache\\CacheInterceptor.java",
		"lineNo":123,
		"nullValue":"{declaringClass='CacheInterceptor', lineNo=96, type=FROM_NULL_CHECK,traces=none}",
		"projectName":"okhttp-528014967",
		"right": true,
		"riskLevel":"LOW"
	},
	{
		"declaringClass":"org.languagetool.rules.uk.TokenAgreementAdjNounExceptionHelper",
		"declaringMethod":"org.languagetool.rules.uk.TokenAgreementAdjNounExceptionHelper.isException(org.languagetool.AnalyzedTokenReadings[],int,java.util.List,java.util.List,java.util.List,java.util.List)",
		"dereferenceBase":"tokens[i].getAnalyzedToken(0).getLemma()",
		"dereferencePart":"tokens[i].getAnalyzedToken(0).getLemma().split()",
		"javaFile":"\\Experiments\\.\\BugSwarmProjects\\languagetool-393031702\\languagetool-language-modules\\uk\\src\\main\\java\\org\\languagetool\\rules\\uk\\TokenAgreementAdjNounExceptionHelper.java",
		"lineNo":509,
		"nullValue":"none",
		"projectName":"languagetool-393031702",
		"right": true,
		"riskLevel":"HIGH"
	},
	{
		"declaringClass":"edu.harvard.iq.dataverse.authorization.AuthTestDataServiceBean",
		"declaringMethod":"edu.harvard.iq.dataverse.authorization.AuthTestDataServiceBean.getRandomUser()",
		"dereferenceBase":"url",
		"dereferencePart":"url.openConnection()",
		"javaFile":"\\Experiments\\.\\BugSwarmProjects\\dataverse-402758963\\src\\main\\java\\edu\\harvard\\iq\\dataverse\\authorization\\AuthTestDataServiceBean.java",
		"lineNo":40,
		"nullValue":"{declaringClass='AuthTestDataServiceBean', lineNo=32, type=FROM_ASSIGN,traces=none}",
		"projectName":"dataverse-402758963",
		"right": false,
		"riskLevel":"HIGH"
	},
	{
		"declaringClass":"org.apache.dubbo.rpc.cluster.support.MergeableClusterInvoker",
		"declaringMethod":"org.apache.dubbo.rpc.cluster.support.MergeableClusterInvoker.doInvoke(org.apache.dubbo.rpc.Invocation,java.util.List,org.apache.dubbo.rpc.cluster.LoadBalance)",
		"dereferenceBase":"VARIABLE",
		"dereferencePart":"VARIABLE.getName()",
		"javaFile":"\\Experiments\\.\\BugSwarmProjects\\dubbo-416671625\\dubbo-cluster\\src\\main\\java\\org\\apache\\dubbo\\rpc\\cluster\\support\\MergeableClusterInvoker.java",
		"lineNo":131,
		"nullValue":"{declaringClass='MergeableClusterInvoker', lineNo=85, type=FROM_ASSIGN,traces=none}",
		"projectName":"dubbo-416671625",
		"right": true,
		"riskLevel":"HIGH"
	},
	{
		"declaringClass":"org.apache.commons.math3.analysis.differentiation.DSCompiler",
		"declaringMethod":"org.apache.commons.math3.analysis.differentiation.DSCompiler.compileMultiplicationIndirection(int,int,org.apache.commons.math3.analysis.differentiation.DSCompiler,org.apache.commons.math3.analysis.differentiation.DSCompiler,int[])",
		"dereferenceBase":"derivativeCompiler",
		"dereferencePart":"derivativeCompiler.multIndirection",
		"javaFile":"\\Experiments\\.\\BugSwarmProjects\\math-4\\src\\main\\java\\org\\apache\\commons\\math3\\analysis\\differentiation\\DSCompiler.java",
		"lineNo":357,
		"nullValue":"{declaringClass='DSCompiler', lineNo=220, type=FROM_ASSIGN,traces=[PASS_AT_DSCompiler_221, PASS_AT_DSCompiler_176]}",
		"projectName":"math-4",
		"right": true,
		"riskLevel":"HIGH"
	},
	{
		"declaringClass":"com.google.javascript.jscomp.FindExportableNodes",
		"declaringMethod":"com.google.javascript.jscomp.FindExportableNodes.visit(com.google.javascript.jscomp.NodeTraversal,com.google.javascript.rhino.Node,com.google.javascript.rhino.Node)",
		"dereferenceBase":"parent",
		"dereferencePart":"parent.isScript()",
		"javaFile":"\\Experiments\\.\\BugSwarmProjects\\closure-2\\src\\com\\google\\javascript\\jscomp\\FindExportableNodes.java",
		"lineNo":73,
		"nullValue":"{declaringClass='NodeTraversal', lineNo=277, type=FROM_ASSIGN,traces=[PASS_AT_NodeTraversal_277, PASS_AT_NodeTraversal_505]}",
		"projectName":"closure-2",
		"right": true,
		"riskLevel":"HIGH"
	},
	{
		"declaringClass":"okhttp3.internal.cache.CacheInterceptor",
		"declaringMethod":"okhttp3.internal.cache.CacheInterceptor.intercept(okhttp3.Interceptor$Chain)",
		"dereferenceBase":"cacheResponse",
		"dereferencePart":"cacheResponse.newBuilder()",
		"javaFile":"\\Experiments\\.\\BugSwarmProjects\\okhttp-528014967\\okhttp\\src\\main\\java\\okhttp3\\internal\\cache\\CacheInterceptor.java",
		"lineNo":86,
		"nullValue":"{declaringClass='CacheInterceptor', lineNo=67, type=FROM_NULL_CHECK,traces=none}",
		"projectName":"okhttp-528014967",
		"right": false,
		"riskLevel":"LOW"
	},
	{
		"declaringClass":"org.jfree.chart.block.BorderArrangement",
		"declaringMethod":"org.jfree.chart.block.BorderArrangement.arrange(org.jfree.chart.block.BlockContainer,java.awt.Graphics2D,org.jfree.chart.block.RectangleConstraint)",
		"dereferenceBase":"contentSize",
		"dereferencePart":"contentSize.getWidth()",
		"javaFile":"\\Experiments\\.\\BugSwarmProjects\\chart-16\\source\\org\\jfree\\chart\\block\\BorderArrangement.java",
		"lineNo":171,
		"nullValue":"{declaringClass='BorderArrangement', lineNo=131, type=FROM_ASSIGN,traces=none}",
		"projectName":"chart-16",
		"right": false,
		"riskLevel":"HIGH"
	},
	{
		"declaringClass":"org.jfree.data.jdbc.JDBCXYDataset",
		"declaringMethod":"org.jfree.data.jdbc.JDBCXYDataset.executeQuery(java.sql.Connection,java.lang.String)",
		"dereferenceBase":"this.rows",
		"dereferencePart":"this.rows.add()",
		"javaFile":"\\Experiments\\.\\BugSwarmProjects\\chart-4\\source\\org\\jfree\\data\\jdbc\\JDBCXYDataset.java",
		"lineNo":350,
		"nullValue":"{declaringClass='JDBCXYDataset', lineNo=299, type=FROM_NULL_CHECK,traces=none}",
		"projectName":"chart-4",
		"right": true,
		"riskLevel":"LOW"
	},
	{
		"declaringClass":"org.languagetool.rules.uk.TokenAgreementAdjNounRule",
		"declaringMethod":"org.languagetool.rules.uk.TokenAgreementAdjNounRule.match(org.languagetool.AnalyzedSentence)",
		"dereferenceBase":"nounToken.getPOSTag()",
		"dereferencePart":"nounToken.getPOSTag().contains()",
		"javaFile":"\\Experiments\\.\\BugSwarmProjects\\languagetool-393031702\\languagetool-language-modules\\uk\\src\\main\\java\\org\\languagetool\\rules\\uk\\TokenAgreementAdjNounRule.java",
		"lineNo":244,
		"nullValue":"none",
		"projectName":"languagetool-393031702",
		"right":null,
		"riskLevel":"HIGH"
	},
	{
		"declaringClass":"com.fasterxml.jackson.databind.introspect.AnnotatedClass",
		"declaringMethod":"com.fasterxml.jackson.databind.introspect.AnnotatedClass._addConstructorMixIns(java.lang.Class)",
		"dereferenceBase":"this._constructors",
		"dereferencePart":"this._constructors.get()",
		"javaFile":"\\Experiments\\.\\BugSwarmProjects\\JacksonDatabind-36\\src\\main\\java\\com\\fasterxml\\jackson\\databind\\introspect\\AnnotatedClass.java",
		"lineNo":657,
		"nullValue":"{declaringClass='AnnotatedClass', lineNo=637, type=FROM_NULL_CHECK,traces=none}",
		"projectName":"JacksonDatabind-36",
		"right":null,
		"riskLevel":"LOW"
	},
	{
		"declaringClass":"org.languagetool.rules.patterns.PatternTestTools",
		"declaringMethod":"org.languagetool.rules.patterns.PatternTestTools.warnIfRegexpSyntaxNotKosher(java.util.List,java.lang.String,java.lang.String,org.languagetool.Language)",
		"dereferenceBase":"exception.getString()",
		"dereferencePart":"exception.getString().indexOf()",
		"javaFile":"\\Experiments\\.\\BugSwarmProjects\\languagetool-393031702\\languagetool-core\\src\\test\\java\\org\\languagetool\\rules\\patterns\\PatternTestTools.java",
		"lineNo":153,
		"nullValue":"none",
		"projectName":"languagetool-393031702",
		"right":null,
		"riskLevel":"HIGH"
	},
	{
		"declaringClass":"de.charite.compbio.jannovar.mendel.impl.MendelianCheckerXRCompoundHet",
		"declaringMethod":"de.charite.compbio.jannovar.mendel.impl.MendelianCheckerXRCompoundHet.isCompatibleWithTriosAndMaternalPaternalInheritanceAroundAffected(de.charite.compbio.jannovar.pedigree.Person,de.charite.compbio.jannovar.mendel.GenotypeCalls,de.charite.compbio.jannovar.mendel.GenotypeCalls)",
		"dereferenceBase":"paternal",
		"dereferencePart":"paternal.getGenotypeForSample()",
		"javaFile":"\\Experiments\\.\\BugSwarmProjects\\jannovar-146105695\\jannovar-core\\src\\main\\java\\de\\charite\\compbio\\jannovar\\mendel\\impl\\MendelianCheckerXRCompoundHet.java",
		"lineNo":206,
		"nullValue":"{declaringClass='MendelianCheckerXRCompoundHet', lineNo=174, type=FROM_NULL_CHECK,traces=none}",
		"projectName":"jannovar-146105695",
		"right":null,
		"riskLevel":"LOW"
	},
	{
		"declaringClass":"okhttp3.recipes.PostFile",
		"declaringMethod":"okhttp3.recipes.PostFile.run()",
		"dereferenceBase":"response.body()",
		"dereferencePart":"response.body().string()",
		"javaFile":"\\Experiments\\.\\BugSwarmProjects\\okhttp-528014967\\samples\\guide\\src\\main\\java\\okhttp3\\recipes\\PostFile.java",
		"lineNo":43,
		"nullValue":"none",
		"projectName":"okhttp-528014967",
		"right":null,
		"riskLevel":"HIGH"
	},
	{
		"declaringClass":"com.google.javascript.jscomp.RescopeGlobalSymbols$RewriteScopeCallback",
		"declaringMethod":"com.google.javascript.jscomp.RescopeGlobalSymbols$RewriteScopeCallback.visit(com.google.javascript.jscomp.NodeTraversal,com.google.javascript.rhino.Node,com.google.javascript.rhino.Node)",
		"dereferenceBase":"parent",
		"dereferencePart":"parent.isFunction()",
		"javaFile":"\\Experiments\\.\\BugSwarmProjects\\closure-2\\src\\com\\google\\javascript\\jscomp\\RescopeGlobalSymbols.java",
		"lineNo":161,
		"nullValue":"{declaringClass='NodeTraversal', lineNo=277, type=FROM_ASSIGN,traces=[PASS_AT_NodeTraversal_277, PASS_AT_NodeTraversal_505]}",
		"projectName":"closure-2",
		"right":null,
		"riskLevel":"HIGH"
	},
	{
		"declaringClass":"com.google.javascript.jscomp.CheckAccessControls",
		"declaringMethod":"com.google.javascript.jscomp.CheckAccessControls.checkPropertyDeprecation(com.google.javascript.jscomp.NodeTraversal,com.google.javascript.rhino.Node,com.google.javascript.rhino.Node)",
		"dereferenceBase":"parent",
		"dereferencePart":"parent.isNew()",
		"javaFile":"\\Experiments\\.\\BugSwarmProjects\\closure-2\\src\\com\\google\\javascript\\jscomp\\CheckAccessControls.java",
		"lineNo":296,
		"nullValue":"{declaringClass='NodeTraversal', lineNo=277, type=FROM_ASSIGN,traces=[PASS_AT_NodeTraversal_277, PASS_AT_NodeTraversal_505, PASS_AT_CheckAccessControls_228]}",
		"projectName":"closure-2",
		"right":null,
		"riskLevel":"HIGH"
	},
	{
		"declaringClass":"okhttp3.internal.sse.RealEventSource",
		"declaringMethod":"okhttp3.internal.sse.RealEventSource.processResponse(okhttp3.Response)",
		"dereferenceBase":"body",
		"dereferencePart":"body.contentType()",
		"javaFile":"\\Experiments\\.\\BugSwarmProjects\\okhttp-528014967\\okhttp-sse\\src\\main\\java\\okhttp3\\internal\\sse\\RealEventSource.java",
		"lineNo":68,
		"nullValue":"none",
		"projectName":"okhttp-528014967",
		"right":null,
		"riskLevel":"HIGH"
	},
	{
		"declaringClass":"org.apache.dubbo.test.check.registrycenter.initializer.ConfigZookeeperInitializer",
		"declaringMethod":"org.apache.dubbo.test.check.registrycenter.initializer.ConfigZookeeperInitializer.updateConfig(org.apache.dubbo.test.check.registrycenter.context.ZookeeperContext,int,int)",
		"dereferenceBase":"e",
		"dereferencePart":"e.close()",
		"javaFile":"\\Experiments\\.\\BugSwarmProjects\\dubbo-416671625\\dubbo-test\\dubbo-test-check\\src\\main\\java\\org\\apache\\dubbo\\test\\check\\registrycenter\\initializer\\ConfigZookeeperInitializer.java",
		"lineNo":107,
		"nullValue":"{declaringClass='ConfigZookeeperInitializer', lineNo=101, type=FROM_ASSIGN,traces=none}",
		"projectName":"dubbo-416671625",
		"right":null,
		"riskLevel":"HIGH"
	},
	{
		"declaringClass":"com.google.javascript.jscomp.Tracer$ThreadTrace",
		"declaringMethod":"com.google.javascript.jscomp.Tracer$ThreadTrace.toString()",
		"dereferenceBase":"indent",
		"dereferencePart":"indent.push()",
		"javaFile":"\\Experiments\\.\\BugSwarmProjects\\closure-2\\src\\com\\google\\javascript\\jscomp\\Tracer.java",
		"lineNo":884,
		"nullValue":"{declaringClass='Tracer$ThreadTrace', lineNo=870, type=FROM_ASSIGN,traces=none}",
		"projectName":"closure-2",
		"right":null,
		"riskLevel":"HIGH"
	},
	{
		"declaringClass":"okhttp3.recipes.LoggingInterceptors",
		"declaringMethod":"okhttp3.recipes.LoggingInterceptors.run()",
		"dereferenceBase":"response.body()",
		"dereferencePart":"response.body().close()",
		"javaFile":"\\Experiments\\.\\BugSwarmProjects\\okhttp-528014967\\samples\\guide\\src\\main\\java\\okhttp3\\recipes\\LoggingInterceptors.java",
		"lineNo":37,
		"nullValue":"none",
		"projectName":"okhttp-528014967",
		"right":null,
		"riskLevel":"HIGH"
	},
	{
		"declaringClass":"com.google.javascript.jscomp.RemoveTryCatch$RemoveTryCatchCode",
		"declaringMethod":"com.google.javascript.jscomp.RemoveTryCatch$RemoveTryCatchCode.visit(com.google.javascript.jscomp.NodeTraversal,com.google.javascript.rhino.Node,com.google.javascript.rhino.Node)",
		"dereferenceBase":"parent",
		"dereferencePart":"parent.replaceChild(n,tryBlock)",
		"javaFile":"\\Experiments\\.\\BugSwarmProjects\\closure-2\\src\\com\\google\\javascript\\jscomp\\RemoveTryCatch.java",
		"lineNo":89,
		"nullValue":"{declaringClass='NodeTraversal', lineNo=277, type=FROM_ASSIGN,traces=[PASS_AT_NodeTraversal_277, PASS_AT_NodeTraversal_505]}",
		"projectName":"closure-2",
		"right":null,
		"riskLevel":"HIGH"
	},
	{
		"declaringClass":"com.fasterxml.jackson.databind.introspect.POJOPropertiesCollector",
		"declaringMethod":"com.fasterxml.jackson.databind.introspect.POJOPropertiesCollector._addFields()",
		"dereferenceBase":"pn",
		"dereferencePart":"pn.isEmpty()",
		"javaFile":"\\Experiments\\.\\BugSwarmProjects\\JacksonDatabind-13\\src\\main\\java\\com\\fasterxml\\jackson\\databind\\introspect\\POJOPropertiesCollector.java",
		"lineNo":412,
		"nullValue":"{declaringClass='POJOPropertiesCollector', lineNo=399, type=FROM_ASSIGN,traces=none}",
		"projectName":"JacksonDatabind-13",
		"right":null,
		"riskLevel":"HIGH"
	},
	{
		"declaringClass":"okhttp3.MultipartBody",
		"declaringMethod":"okhttp3.MultipartBody.writeOrCountBytes(okio.BufferedSink,boolean)",
		"dereferenceBase":"$r0",
		"dereferencePart":"$r0.write()",
		"javaFile":"\\Experiments\\.\\BugSwarmProjects\\okhttp-528014967\\okhttp\\src\\main\\java\\okhttp3\\MultipartBody.java",
		"lineNo":137,
		"nullValue":"none",
		"projectName":"okhttp-528014967",
		"right":null,
		"riskLevel":"HIGH"
	},
	{
		"declaringClass":"com.fasterxml.jackson.databind.DeserializationContext",
		"declaringMethod":"com.fasterxml.jackson.databind.DeserializationContext.readPropertyValue(com.fasterxml.jackson.core.JsonParser,com.fasterxml.jackson.databind.BeanProperty,com.fasterxml.jackson.databind.JavaType)",
		"dereferenceBase":"deser",
		"dereferencePart":"deser.deserialize(p,this)",
		"javaFile":"\\Experiments\\.\\BugSwarmProjects\\JacksonDatabind-95\\src\\main\\java\\com\\fasterxml\\jackson\\databind\\DeserializationContext.java",
		"lineNo":797,
		"nullValue":"{declaringClass='DeserializationContext', lineNo=791, type=FROM_NULL_CHECK,traces=none}",
		"projectName":"JacksonDatabind-95",
		"right":null,
		"riskLevel":"LOW"
	},
	{
		"declaringClass":"org.languagetool.tagging.uk.CompoundTagger",
		"declaringMethod":"org.languagetool.tagging.uk.CompoundTagger.matchDigitCompound(java.lang.String,java.lang.String,java.lang.String)",
		"dereferenceBase":"lemma#10.getLemma()",
		"dereferencePart":"lemma#10.getLemma().substring()",
		"javaFile":"\\Experiments\\.\\BugSwarmProjects\\languagetool-393031702\\languagetool-language-modules\\uk\\src\\main\\java\\org\\languagetool\\tagging\\uk\\CompoundTagger.java",
		"lineNo":463,
		"nullValue":"none",
		"projectName":"languagetool-393031702",
		"right":null,
		"riskLevel":"HIGH"
	},
	{
		"declaringClass":"org.languagetool.rules.patterns.PatternTestTools",
		"declaringMethod":"org.languagetool.rules.patterns.PatternTestTools.equalException(org.languagetool.rules.patterns.PatternToken,org.languagetool.rules.patterns.PatternToken)",
		"dereferenceBase":"string1",
		"dereferencePart":"string1.toLowerCase()",
		"javaFile":"\\Experiments\\.\\BugSwarmProjects\\languagetool-393031702\\languagetool-core\\src\\test\\java\\org\\languagetool\\rules\\patterns\\PatternTestTools.java",
		"lineNo":278,
		"nullValue":"none",
		"projectName":"languagetool-393031702",
		"right":null,
		"riskLevel":"HIGH"
	},
	{
		"declaringClass":"org.jfree.chart.ChartFactory",
		"declaringMethod":"org.jfree.chart.ChartFactory.createPieChart(java.lang.String,org.jfree.data.general.PieDataset,org.jfree.data.general.PieDataset,int,boolean,boolean,boolean,java.util.Locale,boolean,boolean)",
		"dereferenceBase":"series",
		"dereferencePart":"series.setValue(new java.lang.StringBuffer.append(key).append(\" (\").append(\"+\").append(NumberFormat.getPercentInstance().format(percentChange / 100.0)).append(\")\").toString(),newValue)",
		"javaFile":"\\Experiments\\.\\BugSwarmProjects\\chart-4\\source\\org\\jfree\\chart\\ChartFactory.java",
		"lineNo":440,
		"nullValue":"{declaringClass='ChartFactory', lineNo=402, type=FROM_ASSIGN,traces=none}",
		"projectName":"chart-4",
		"right":null,
		"riskLevel":"HIGH"
	},
	{
		"declaringClass":"com.fasterxml.jackson.databind.ser.std.BeanSerializerBase",
		"declaringMethod":"com.fasterxml.jackson.databind.ser.std.BeanSerializerBase.<init>(com.fasterxml.jackson.databind.ser.std.BeanSerializerBase,java.lang.String[])",
		"dereferenceBase":"fpropsOut",
		"dereferencePart":"fpropsOut.add()",
		"javaFile":"\\Experiments\\.\\BugSwarmProjects\\JacksonDatabind-36\\src\\main\\java\\com\\fasterxml\\jackson\\databind\\ser\\std\\BeanSerializerBase.java",
		"lineNo":185,
		"nullValue":"{declaringClass='BeanSerializerBase', lineNo=175, type=FROM_ASSIGN,traces=none}",
		"projectName":"JacksonDatabind-36",
		"right":null,
		"riskLevel":"HIGH"
	},
	{
		"declaringClass":"com.google.javascript.rhino.Node$SiblingNodeIterable",
		"declaringMethod":"com.google.javascript.rhino.Node$SiblingNodeIterable.next()",
		"dereferenceBase":"this.current",
		"dereferencePart":"this.current.getNext()",
		"javaFile":"\\Experiments\\.\\BugSwarmProjects\\closure-2\\src\\com\\google\\javascript\\rhino\\Node.java",
		"lineNo":1287,
		"nullValue":"{declaringClass='Node$SiblingNodeIterable', lineNo=1281, type=FROM_NULL_CHECK,traces=none}",
		"projectName":"closure-2",
		"right":null,
		"riskLevel":"LOW"
	},
	{
		"declaringClass":"org.apache.commons.lang3.mutable.MutableByte",
		"declaringMethod":"org.apache.commons.lang3.mutable.MutableByte.setValue(java.lang.Number)",
		"dereferenceBase":"value",
		"dereferencePart":"value.byteValue()",
		"javaFile":"\\Experiments\\.\\BugSwarmProjects\\lang-20\\src\\main\\java\\org\\apache\\commons\\lang3\\mutable\\MutableByte.java",
		"lineNo":104,
		"nullValue":"{declaringClass='MutableByteTest', lineNo=67, type=FROM_ASSIGN,traces=[PASS_AT_MutableByteTest_67]}",
		"projectName":"lang-20",
		"right":null,
		"riskLevel":"HIGH"
	},
	{
		"declaringClass":"okhttp3.recipes.CertificatePinning",
		"declaringMethod":"okhttp3.recipes.CertificatePinning.run()",
		"dereferenceBase":"response.handshake()",
		"dereferencePart":"response.handshake().peerCertificates()",
		"javaFile":"\\Experiments\\.\\BugSwarmProjects\\okhttp-528014967\\samples\\guide\\src\\main\\java\\okhttp3\\recipes\\CertificatePinning.java",
		"lineNo":45,
		"nullValue":"none",
		"projectName":"okhttp-528014967",
		"right":null,
		"riskLevel":"HIGH"
	},
	{
		"declaringClass":"com.fasterxml.jackson.databind.deser.std.StdValueInstantiator",
		"declaringMethod":"com.fasterxml.jackson.databind.deser.std.StdValueInstantiator.createFromString(com.fasterxml.jackson.databind.DeserializationContext,java.lang.String)",
		"dereferenceBase":"this._fromStringCreator",
		"dereferencePart":"this._fromStringCreator.getDeclaringClass()",
		"javaFile":"\\Experiments\\.\\BugSwarmProjects\\JacksonDatabind-80\\src\\main\\java\\com\\fasterxml\\jackson\\databind\\deser\\std\\StdValueInstantiator.java",
		"lineNo":319,
		"nullValue":"{declaringClass='StdValueInstantiator', lineNo=313, type=FROM_NULL_CHECK,traces=none}",
		"projectName":"JacksonDatabind-80",
		"right":null,
		"riskLevel":"LOW"
	},
	{
		"declaringClass":"com.fasterxml.jackson.databind.deser.BeanDeserializer",
		"declaringMethod":"com.fasterxml.jackson.databind.deser.BeanDeserializer._deserializeUsingPropertyBased(com.fasterxml.jackson.core.JsonParser,com.fasterxml.jackson.databind.DeserializationContext)",
		"dereferenceBase":"propName#20",
		"dereferencePart":"propName#20.getClass()",
		"javaFile":"\\Experiments\\.\\BugSwarmProjects\\JacksonDatabind-3\\src\\main\\java\\com\\fasterxml\\jackson\\databind\\deser\\BeanDeserializer.java",
		"lineNo":409,
		"nullValue":"{declaringClass='BeanDeserializer', lineNo=405, type=FROM_ASSIGN,traces=none}",
		"projectName":"JacksonDatabind-3",
		"right":null,
		"riskLevel":"HIGH"
	},
	{
		"declaringClass":"com.google.javascript.jscomp.FunctionArgumentInjector",
		"declaringMethod":"com.google.javascript.jscomp.FunctionArgumentInjector.inject(com.google.javascript.jscomp.AbstractCompiler,com.google.javascript.rhino.Node,com.google.javascript.rhino.Node,java.util.Map,boolean)",
		"dereferenceBase":"parent",
		"dereferencePart":"parent.replaceChild(node,replacement)",
		"javaFile":"\\Experiments\\.\\BugSwarmProjects\\closure-2\\src\\com\\google\\javascript\\jscomp\\FunctionArgumentInjector.java",
		"lineNo":83,
		"nullValue":"{declaringClass='FunctionInjector', lineNo=280, type=FROM_ASSIGN,traces=[PASS_AT_FunctionInjector_280, PASS_AT_FunctionArgumentInjector_58]}",
		"projectName":"closure-2",
		"right":null,
		"riskLevel":"HIGH"
	},
	{
		"declaringClass":"com.google.javascript.jscomp.NodeUtil",
		"declaringMethod":"com.google.javascript.jscomp.NodeUtil.removeChild(com.google.javascript.rhino.Node,com.google.javascript.rhino.Node)",
		"dereferenceBase":"parent",
		"dereferencePart":"parent.removeChild()",
		"javaFile":"\\Experiments\\.\\BugSwarmProjects\\closure-2\\src\\com\\google\\javascript\\jscomp\\NodeUtil.java",
		"lineNo":1817,
		"nullValue":"{declaringClass='NodeTraversal', lineNo=277, type=FROM_ASSIGN,traces=[PASS_AT_NodeTraversal_277, PASS_AT_NodeTraversal_505, PASS_AT_StripCode$Strip_105, PASS_AT_StripCode$Strip_167, PASS_AT_StripCode$Strip_605]}",
		"projectName":"closure-2",
		"right":null,
		"riskLevel":"HIGH"
	},
	{
		"declaringClass":"org.apache.commons.math3.ode.nonstiff.AdamsNordsieckTransformer",
		"declaringMethod":"org.apache.commons.math3.ode.nonstiff.AdamsNordsieckTransformer.updateHighOrderDerivativesPhase2(double[],double[],org.apache.commons.math3.linear.Array2DRowRealMatrix)",
		"dereferenceBase":"highOrder",
		"dereferencePart":"highOrder.getDataRef()",
		"javaFile":"\\Experiments\\.\\BugSwarmProjects\\math-4\\src\\main\\java\\org\\apache\\commons\\math3\\ode\\nonstiff\\AdamsNordsieckTransformer.java",
		"lineNo":330,
		"nullValue":"{declaringClass='AdamsMoultonIntegrator', lineNo=225, type=FROM_ASSIGN,traces=[PASS_AT_AdamsMoultonIntegrator_293, PASS_AT_AdamsIntegrator_134]}",
		"projectName":"math-4",
		"right":null,
		"riskLevel":"HIGH"
	},
	{
		"declaringClass":"org.languagetool.chunking.EnglishChunkFilter",
		"declaringMethod":"org.languagetool.chunking.EnglishChunkFilter.hasNounWithPluralReading(org.languagetool.chunking.ChunkTaggedToken)",
		"dereferenceBase":"token.getReadings()",
		"dereferencePart":"token.getReadings().getReadings()",
		"javaFile":"\\Experiments\\.\\BugSwarmProjects\\languagetool-393031702\\languagetool-language-modules\\en\\src\\main\\java\\org\\languagetool\\chunking\\EnglishChunkFilter.java",
		"lineNo":113,
		"nullValue":"none",
		"projectName":"languagetool-393031702",
		"right":null,
		"riskLevel":"HIGH"
	},
	{
		"declaringClass":"org.jfree.data.jdbc.JDBCXYDataset",
		"declaringMethod":"org.jfree.data.jdbc.JDBCXYDataset.executeQuery(java.sql.Connection,java.lang.String)",
		"dereferenceBase":"this.rows",
		"dereferencePart":"this.rows.add()",
		"javaFile":"\\Experiments\\.\\BugSwarmProjects\\chart-16\\source\\org\\jfree\\data\\jdbc\\JDBCXYDataset.java",
		"lineNo":352,
		"nullValue":"{declaringClass='JDBCXYDataset', lineNo=301, type=FROM_NULL_CHECK,traces=none}",
		"projectName":"chart-16",
		"right":null,
		"riskLevel":"LOW"
	},
	{
		"declaringClass":"okhttp3.internal.http.CallServerInterceptor",
		"declaringMethod":"okhttp3.internal.http.CallServerInterceptor.intercept(okhttp3.Interceptor$Chain)",
		"dereferenceBase":"contentLength#11.body()",
		"dereferencePart":"contentLength#11.body().contentLength()",
		"javaFile":"\\Experiments\\.\\BugSwarmProjects\\okhttp-528014967\\okhttp\\src\\main\\java\\okhttp3\\internal\\http\\CallServerInterceptor.java",
		"lineNo":133,
		"nullValue":"none",
		"projectName":"okhttp-528014967",
		"right":null,
		"riskLevel":"HIGH"
	},
	{
		"declaringClass":"com.google.javascript.jscomp.InlineProperties$GatherCandidates",
		"declaringMethod":"com.google.javascript.jscomp.InlineProperties$GatherCandidates.visit(com.google.javascript.jscomp.NodeTraversal,com.google.javascript.rhino.Node,com.google.javascript.rhino.Node)",
		"dereferenceBase":"parent",
		"dereferencePart":"parent.isAssign()",
		"javaFile":"\\Experiments\\.\\BugSwarmProjects\\closure-2\\src\\com\\google\\javascript\\jscomp\\InlineProperties.java",
		"lineNo":176,
		"nullValue":"{declaringClass='NodeTraversal', lineNo=277, type=FROM_ASSIGN,traces=[PASS_AT_NodeTraversal_277, PASS_AT_NodeTraversal_505]}",
		"projectName":"closure-2",
		"right":null,
		"riskLevel":"HIGH"
	},
	{
		"declaringClass":"com.fasterxml.jackson.databind.ser.std.MapSerializer",
		"declaringMethod":"com.fasterxml.jackson.databind.ser.std.MapSerializer.createContextual(com.fasterxml.jackson.databind.SerializerProvider,com.fasterxml.jackson.databind.BeanProperty)",
		"dereferenceBase":"intr",
		"dereferencePart":"intr.findFilterId()",
		"javaFile":"\\Experiments\\.\\BugSwarmProjects\\JacksonDatabind-3\\src\\main\\java\\com\\fasterxml\\jackson\\databind\\ser\\std\\MapSerializer.java",
		"lineNo":334,
		"nullValue":"{declaringClass='MapSerializer', lineNo=283, type=FROM_NULL_CHECK,traces=none}",
		"projectName":"JacksonDatabind-3",
		"right":null,
		"riskLevel":"LOW"
	},
	{
		"declaringClass":"com.fasterxml.jackson.databind.deser.BasicDeserializerFactory",
		"declaringMethod":"com.fasterxml.jackson.databind.deser.BasicDeserializerFactory.resolveMemberAndTypeAnnotations(com.fasterxml.jackson.databind.DeserializationContext,com.fasterxml.jackson.databind.introspect.AnnotatedMember,com.fasterxml.jackson.databind.JavaType)",
		"dereferenceBase":"type",
		"dereferencePart":"type.isMapLikeType()",
		"javaFile":"\\Experiments\\.\\BugSwarmProjects\\JacksonDatabind-93\\src\\main\\java\\com\\fasterxml\\jackson\\databind\\deser\\BasicDeserializerFactory.java",
		"lineNo":1832,
		"nullValue":"{declaringClass='BeanDeserializerFactory', lineNo=695, type=FROM_ASSIGN,traces=[PASS_AT_BeanDeserializerFactory_705]}",
		"projectName":"JacksonDatabind-93",
		"right":null,
		"riskLevel":"HIGH"
	},
	{
		"declaringClass":"com.google.javascript.jscomp.ReplaceCssNames$Traversal",
		"declaringMethod":"com.google.javascript.jscomp.ReplaceCssNames$Traversal.visit(com.google.javascript.jscomp.NodeTraversal,com.google.javascript.rhino.Node,com.google.javascript.rhino.Node)",
		"dereferenceBase":"parent",
		"dereferencePart":"parent.replaceChild(n,first)",
		"javaFile":"\\Experiments\\.\\BugSwarmProjects\\closure-2\\src\\com\\google\\javascript\\jscomp\\ReplaceCssNames.java",
		"lineNo":157,
		"nullValue":"{declaringClass='NodeTraversal', lineNo=277, type=FROM_ASSIGN,traces=[PASS_AT_NodeTraversal_277, PASS_AT_NodeTraversal_505]}",
		"projectName":"closure-2",
		"right":null,
		"riskLevel":"HIGH"
	},
	{
		"declaringClass":"com.fasterxml.jackson.databind.deser.BasicDeserializerFactory",
		"declaringMethod":"com.fasterxml.jackson.databind.deser.BasicDeserializerFactory._addDeserializerFactoryMethods(com.fasterxml.jackson.databind.DeserializationContext,com.fasterxml.jackson.databind.BeanDescription,com.fasterxml.jackson.databind.introspect.VisibilityChecker,com.fasterxml.jackson.databind.AnnotationIntrospector,com.fasterxml.jackson.databind.deser.impl.CreatorCollector,java.util.Map)",
		"dereferenceBase":"argDef#23",
		"dereferencePart":"argDef#23.getIndex()",
		"javaFile":"\\Experiments\\.\\BugSwarmProjects\\JacksonDatabind-80\\src\\main\\java\\com\\fasterxml\\jackson\\databind\\deser\\BasicDeserializerFactory.java",
		"lineNo":753,
		"nullValue":"{declaringClass='BasicDeserializerFactory', lineNo=687, type=FROM_ASSIGN,traces=none}",
		"projectName":"JacksonDatabind-80",
		"right":null,
		"riskLevel":"HIGH"
	},
	{
		"declaringClass":"com.willwinder.universalgcodesender.uielements.toolbars.SendStatusLine",
		"declaringMethod":"com.willwinder.universalgcodesender.uielements.toolbars.SendStatusLine.<init>(com.willwinder.universalgcodesender.model.BackendAPI)",
		"dereferenceBase":"this.backend",
		"dereferencePart":"this.backend.isSendingFile()",
		"javaFile":"\\Experiments\\.\\BugSwarmProjects\\Universal-G-Code-Sender-243265926\\ugs-core\\src\\com\\willwinder\\universalgcodesender\\uielements\\toolbars\\SendStatusLine.java",
		"lineNo":63,
		"nullValue":"{declaringClass='SendStatusLine', lineNo=58, type=FROM_NULL_CHECK,traces=none}",
		"projectName":"Universal-G-Code-Sender-243265926",
		"right":null,
		"riskLevel":"LOW"
	},
	{
		"declaringClass":"org.apache.commons.lang3.mutable.MutableInt",
		"declaringMethod":"org.apache.commons.lang3.mutable.MutableInt.setValue(java.lang.Number)",
		"dereferenceBase":"value",
		"dereferencePart":"value.intValue()",
		"javaFile":"\\Experiments\\.\\BugSwarmProjects\\lang-20\\src\\main\\java\\org\\apache\\commons\\lang3\\mutable\\MutableInt.java",
		"lineNo":104,
		"nullValue":"{declaringClass='MutableIntTest', lineNo=67, type=FROM_ASSIGN,traces=[PASS_AT_MutableIntTest_67]}",
		"projectName":"lang-20",
		"right":null,
		"riskLevel":"HIGH"
	},
	{
		"declaringClass":"org.languagetool.rules.uk.TokenAgreementAdjNounRule",
		"declaringMethod":"org.languagetool.rules.uk.TokenAgreementAdjNounRule.match(org.languagetool.AnalyzedSentence)",
		"dereferenceBase":"adjAnalyzedTokenReadings",
		"dereferencePart":"adjAnalyzedTokenReadings.getToken()",
		"javaFile":"\\Experiments\\.\\BugSwarmProjects\\languagetool-393031702\\languagetool-language-modules\\uk\\src\\main\\java\\org\\languagetool\\rules\\uk\\TokenAgreementAdjNounRule.java",
		"lineNo":202,
		"nullValue":"{declaringClass='TokenAgreementAdjNounRule', lineNo=86, type=FROM_ASSIGN,traces=none}",
		"projectName":"languagetool-393031702",
		"right":null,
		"riskLevel":"HIGH"
	},
	{
		"declaringClass":"org.apache.commons.lang3.text.ExtendedMessageFormat",
		"declaringMethod":"org.apache.commons.lang3.text.ExtendedMessageFormat.appendQuotedString(java.lang.String,java.text.ParsePosition,java.lang.StringBuilder,boolean)",
		"dereferenceBase":"appendTo",
		"dereferencePart":"appendTo.append(c,lastHold,pos.getIndex() - lastHold)",
		"javaFile":"\\Experiments\\.\\BugSwarmProjects\\lang-33\\src\\main\\java\\org\\apache\\commons\\lang3\\text\\ExtendedMessageFormat.java",
		"lineNo":434,
		"nullValue":"{declaringClass='ExtendedMessageFormat', lineNo=462, type=FROM_ASSIGN,traces=[PASS_AT_ExtendedMessageFormat_462]}",
		"projectName":"lang-33",
		"right":null,
		"riskLevel":"HIGH"
	},
	{
		"declaringClass":"com.google.javascript.rhino.Node",
		"declaringMethod":"com.google.javascript.rhino.Node.removeChildAfter(com.google.javascript.rhino.Node)",
		"dereferenceBase":"child",
		"dereferencePart":"child.next",
		"javaFile":"\\Experiments\\.\\BugSwarmProjects\\closure-2\\src\\com\\google\\javascript\\rhino\\Node.java",
		"lineNo":1660,
		"nullValue":"{declaringClass='Node', lineNo=1656, type=FROM_NULL_CHECK,traces=none}",
		"projectName":"closure-2",
		"right":null,
		"riskLevel":"LOW"
	},
	{
		"declaringClass":"org.apache.dubbo.config.deploy.DefaultApplicationDeployer",
		"declaringMethod":"org.apache.dubbo.config.deploy.DefaultApplicationDeployer.checkState(org.apache.dubbo.rpc.model.ModuleModel,org.apache.dubbo.common.deploy.DeployState)",
		"dereferenceBase":"errorModule",
		"dereferencePart":"errorModule.getDesc()",
		"javaFile":"\\Experiments\\.\\BugSwarmProjects\\dubbo-416671625\\dubbo-config\\dubbo-config-api\\src\\main\\java\\org\\apache\\dubbo\\config\\deploy\\DefaultApplicationDeployer.java",
		"lineNo":838,
		"nullValue":"{declaringClass='DefaultApplicationDeployer', lineNo=829, type=FROM_ASSIGN,traces=none}",
		"projectName":"dubbo-416671625",
		"right":null,
		"riskLevel":"HIGH"
	},
	{
		"declaringClass":"com.fasterxml.jackson.databind.deser.std.MapDeserializer",
		"declaringMethod":"com.fasterxml.jackson.databind.deser.std.MapDeserializer._readAndBind(com.fasterxml.jackson.core.JsonParser,com.fasterxml.jackson.databind.DeserializationContext,java.util.Map)",
		"dereferenceBase":"referringAccumulator",
		"dereferencePart":"referringAccumulator.put(t,value)",
		"javaFile":"\\Experiments\\.\\BugSwarmProjects\\JacksonDatabind-107\\src\\main\\java\\com\\fasterxml\\jackson\\databind\\deser\\std\\MapDeserializer.java",
		"lineNo":470,
		"nullValue":"{declaringClass='MapDeserializer', lineNo=427, type=FROM_ASSIGN,traces=none}",
		"projectName":"JacksonDatabind-107",
		"right":null,
		"riskLevel":"HIGH"
	},
	{
		"declaringClass":"edu.harvard.iq.dataverse.ingest.IngestServiceBean",
		"declaringMethod":"edu.harvard.iq.dataverse.ingest.IngestServiceBean.saveAndAddFilesToDataset(edu.harvard.iq.dataverse.DatasetVersion,java.util.List)",
		"dereferenceBase":"dataAccess",
		"dereferencePart":"dataAccess.savePathAsAux(generated,extensionTag)",
		"javaFile":"\\Experiments\\.\\BugSwarmProjects\\dataverse-402758963\\src\\main\\java\\edu\\harvard\\iq\\dataverse\\ingest\\IngestServiceBean.java",
		"lineNo":267,
		"nullValue":"{declaringClass='IngestServiceBean', lineNo=187, type=FROM_ASSIGN,traces=none}",
		"projectName":"dataverse-402758963",
		"right":null,
		"riskLevel":"HIGH"
	},
	{
		"declaringClass":"org.traccar.database.NamedParameterStatement$Params",
		"declaringMethod":"org.traccar.database.NamedParameterStatement$Params.executeUpdate(org.traccar.database.NamedParameterStatement$ResultSetProcessor)",
		"dereferenceBase":"processor",
		"dereferencePart":"processor.processNextRow()",
		"javaFile":"\\Experiments\\.\\BugSwarmProjects\\traccar-64783123\\src\\org\\traccar\\database\\NamedParameterStatement.java",
		"lineNo":127,
		"nullValue":"{declaringClass='NamedParameterStatement$Params', lineNo=139, type=FROM_ASSIGN,traces=[PASS_AT_NamedParameterStatement$Params_139]}",
		"projectName":"traccar-64783123",
		"right":null,
		"riskLevel":"HIGH"
	},
	{
		"declaringClass":"org.openpnp.model.Length",
		"declaringMethod":"org.openpnp.model.Length.setLocationField(org.openpnp.model.Configuration,org.openpnp.model.Location,org.openpnp.model.Length,org.openpnp.model.Length$Field,boolean)",
		"dereferenceBase":"oldLength",
		"dereferencePart":"oldLength.getUnits()",
		"javaFile":"\\Experiments\\.\\BugSwarmProjects\\openpnp-213669200\\src\\main\\java\\org\\openpnp\\model\\Length.java",
		"lineNo":272,
		"nullValue":"{declaringClass='Length', lineNo=260, type=FROM_ASSIGN,traces=none}",
		"projectName":"openpnp-213669200",
		"right":null,
		"riskLevel":"HIGH"
	},
	{
		"declaringClass":"com.google.javascript.jscomp.TypedScopeCreator$AbstractScopeBuilder",
		"declaringMethod":"com.google.javascript.jscomp.TypedScopeCreator$AbstractScopeBuilder.visit(com.google.javascript.jscomp.NodeTraversal,com.google.javascript.rhino.Node,com.google.javascript.rhino.Node)",
		"dereferenceBase":"parent",
		"dereferencePart":"parent.isExprResult()",
		"javaFile":"\\Experiments\\.\\BugSwarmProjects\\closure-2\\src\\com\\google\\javascript\\jscomp\\TypedScopeCreator.java",
		"lineNo":554,
		"nullValue":"{declaringClass='NodeTraversal', lineNo=277, type=FROM_ASSIGN,traces=[PASS_AT_NodeTraversal_277, PASS_AT_NodeTraversal_505, PASS_AT_TypedScopeCreator$LocalScopeBuilder_1917]}",
		"projectName":"closure-2",
		"right":null,
		"riskLevel":"HIGH"
	},
	{
		"declaringClass":"org.apache.dubbo.metadata.report.support.AbstractMetadataReport",
		"declaringMethod":"org.apache.dubbo.metadata.report.support.AbstractMetadataReport.doSaveProperties(long)",
		"dereferenceBase":"lock",
		"dereferencePart":"lock.release()",
		"javaFile":"\\Experiments\\.\\BugSwarmProjects\\dubbo-416671625\\dubbo-metadata\\dubbo-metadata-api\\src\\main\\java\\org\\apache\\dubbo\\metadata\\report\\support\\AbstractMetadataReport.java",
		"lineNo":174,
		"nullValue":"{declaringClass='AbstractMetadataReport', lineNo=162, type=FROM_NULL_CHECK,traces=none}",
		"projectName":"dubbo-416671625",
		"right":null,
		"riskLevel":"LOW"
	},
	{
		"declaringClass":"org.nutz.dao.impl.entity.AnnotationEntityMaker",
		"declaringMethod":"org.nutz.dao.impl.entity.AnnotationEntityMaker._evalMappingField(org.nutz.dao.impl.entity.field.NutMappingField,org.nutz.dao.impl.entity.info.MappingInfo)",
		"dereferenceBase":"info.columnComment",
		"dereferencePart":"info.columnComment.value()",
		"javaFile":"\\Experiments\\.\\BugSwarmProjects\\nutz-90868641\\src\\org\\nutz\\dao\\impl\\entity\\AnnotationEntityMaker.java",
		"lineNo":367,
		"nullValue":"{declaringClass='AnnotationEntityMaker', lineNo=364, type=FROM_NULL_CHECK,traces=none}",
		"projectName":"nutz-90868641",
		"right":null,
		"riskLevel":"LOW"
	},
	{
		"declaringClass":"okhttp3.logging.HttpLoggingInterceptor",
		"declaringMethod":"okhttp3.logging.HttpLoggingInterceptor.intercept(okhttp3.Interceptor$Chain)",
		"dereferenceBase":"requestBody",
		"dereferencePart":"requestBody.contentLength()",
		"javaFile":"\\Experiments\\.\\BugSwarmProjects\\okhttp-528014967\\okhttp-logging-interceptor\\src\\main\\java\\okhttp3\\logging\\HttpLoggingInterceptor.java",
		"lineNo":171,
		"nullValue":"none",
		"projectName":"okhttp-528014967",
		"right":null,
		"riskLevel":"HIGH"
	},
	{
		"declaringClass":"org.apache.commons.math3.geometry.euclidean.twod.PolygonsSet",
		"declaringMethod":"org.apache.commons.math3.geometry.euclidean.twod.PolygonsSet.followLoop(org.apache.commons.math3.geometry.partitioning.utilities.AVLTree$Node,org.apache.commons.math3.geometry.partitioning.utilities.AVLTree)",
		"dereferenceBase":"selectedNode",
		"dereferencePart":"selectedNode.delete()",
		"javaFile":"\\Experiments\\.\\BugSwarmProjects\\math-4\\src\\main\\java\\org\\apache\\commons\\math3\\geometry\\euclidean\\twod\\PolygonsSet.java",
		"lineNo":726,
		"nullValue":"{declaringClass='PolygonsSet', lineNo=700, type=FROM_ASSIGN,traces=none}",
		"projectName":"math-4",
		"right":null,
		"riskLevel":"HIGH"
	},
	{
		"declaringClass":"org.apache.commons.math3.analysis.differentiation.DSCompiler",
		"declaringMethod":"org.apache.commons.math3.analysis.differentiation.DSCompiler.compileLowerIndirection(int,int,org.apache.commons.math3.analysis.differentiation.DSCompiler,org.apache.commons.math3.analysis.differentiation.DSCompiler)",
		"dereferenceBase":"valueCompiler",
		"dereferencePart":"valueCompiler.lowerIndirection",
		"javaFile":"\\Experiments\\.\\BugSwarmProjects\\math-4\\src\\main\\java\\org\\apache\\commons\\math3\\analysis\\differentiation\\DSCompiler.java",
		"lineNo":321,
		"nullValue":"{declaringClass='DSCompiler', lineNo=219, type=FROM_ASSIGN,traces=[PASS_AT_DSCompiler_221, PASS_AT_DSCompiler_173]}",
		"projectName":"math-4",
		"right":null,
		"riskLevel":"HIGH"
	},
	{
		"declaringClass":"org.languagetool.dev.index.LanguageToolFilter",
		"declaringMethod":"org.languagetool.dev.index.LanguageToolFilter.incrementToken()",
		"dereferenceBase":"this.tokenIter.next().getAnalyzedToken(0).getPOSTag()",
		"dereferencePart":"this.tokenIter.next().getAnalyzedToken(0).getPOSTag().toLowerCase()",
		"javaFile":"\\Experiments\\.\\BugSwarmProjects\\languagetool-393031702\\languagetool-wikipedia\\src\\main\\java\\org\\languagetool\\dev\\index\\LanguageToolFilter.java",
		"lineNo":126,
		"nullValue":"none",
		"projectName":"languagetool-393031702",
		"right":null,
		"riskLevel":"HIGH"
	},
	{
		"declaringClass":"org.apache.commons.lang3.mutable.MutableLong",
		"declaringMethod":"org.apache.commons.lang3.mutable.MutableLong.setValue(java.lang.Number)",
		"dereferenceBase":"value",
		"dereferencePart":"value.longValue()",
		"javaFile":"\\Experiments\\.\\BugSwarmProjects\\lang-20\\src\\main\\java\\org\\apache\\commons\\lang3\\mutable\\MutableLong.java",
		"lineNo":104,
		"nullValue":"{declaringClass='MutableLongTest', lineNo=67, type=FROM_ASSIGN,traces=[PASS_AT_MutableLongTest_67]}",
		"projectName":"lang-20",
		"right":null,
		"riskLevel":"HIGH"
	},
	{
		"declaringClass":"okhttp3.internal.platform.Platform",
		"declaringMethod":"okhttp3.internal.platform.Platform.readFieldOrNull(java.lang.Object,java.lang.Class,java.lang.String)",
		"dereferenceBase":"instance",
		"dereferencePart":"instance.getClass()",
		"javaFile":"\\Experiments\\.\\BugSwarmProjects\\okhttp-528014967\\okhttp\\src\\main\\java\\okhttp3\\internal\\platform\\Platform.java",
		"lineNo":247,
		"nullValue":"{declaringClass='DEFAULT', lineNo=-1, type=FROM_ASSIGN,traces=[PASS_AT_AndroidPlatform_111]}",
		"projectName":"okhttp-528014967",
		"right":null,
		"riskLevel":"HIGH"
	},
	{
		"declaringClass":"org.languagetool.rules.patterns.PatternTestTools",
		"declaringMethod":"org.languagetool.rules.patterns.PatternTestTools.equalException(org.languagetool.rules.patterns.PatternToken,org.languagetool.rules.patterns.PatternToken)",
		"dereferenceBase":"string2",
		"dereferencePart":"string2.isEmpty()",
		"javaFile":"\\Experiments\\.\\BugSwarmProjects\\languagetool-393031702\\languagetool-core\\src\\test\\java\\org\\languagetool\\rules\\patterns\\PatternTestTools.java",
		"lineNo":295,
		"nullValue":"none",
		"projectName":"languagetool-393031702",
		"right":null,
		"riskLevel":"HIGH"
	},
	{
		"declaringClass":"edu.harvard.iq.dataverse.harvest.client.FastGetRecord",
		"declaringMethod":"edu.harvard.iq.dataverse.harvest.client.FastGetRecord.processMetadataExtended(java.lang.String)",
		"dereferenceBase":"con",
		"dereferencePart":"con.getInputStream()",
		"javaFile":"\\Experiments\\.\\BugSwarmProjects\\dataverse-402758963\\src\\main\\java\\edu\\harvard\\iq\\dataverse\\harvest\\client\\FastGetRecord.java",
		"lineNo":561,
		"nullValue":"{declaringClass='FastGetRecord', lineNo=541, type=FROM_ASSIGN,traces=none}",
		"projectName":"dataverse-402758963",
		"right":null,
		"riskLevel":"HIGH"
	},
	{
		"declaringClass":"com.fasterxml.jackson.databind.deser.BeanDeserializerBase",
		"declaringMethod":"com.fasterxml.jackson.databind.deser.BeanDeserializerBase.wrapInstantiationProblem(java.lang.Throwable,com.fasterxml.jackson.databind.DeserializationContext)",
		"dereferenceBase":"ctxt",
		"dereferencePart":"ctxt.instantiationException(this._beanType.getRawClass(),t)",
		"javaFile":"\\Experiments\\.\\BugSwarmProjects\\JacksonDatabind-13\\src\\main\\java\\com\\fasterxml\\jackson\\databind\\deser\\BeanDeserializerBase.java",
		"lineNo":1502,
		"nullValue":"{declaringClass='BeanDeserializerBase', lineNo=1493, type=FROM_NULL_CHECK,traces=none}",
		"projectName":"JacksonDatabind-13",
		"right":null,
		"riskLevel":"LOW"
	},
	{
		"declaringClass":"org.jfree.chart.title.PaintScaleLegend",
		"declaringMethod":"org.jfree.chart.title.PaintScaleLegend.arrange(java.awt.Graphics2D,org.jfree.chart.block.RectangleConstraint)",
		"dereferenceBase":"contentSize",
		"dereferencePart":"contentSize.getWidth()",
		"javaFile":"\\Experiments\\.\\BugSwarmProjects\\chart-16\\source\\org\\jfree\\chart\\title\\PaintScaleLegend.java",
		"lineNo":408,
		"nullValue":"{declaringClass='PaintScaleLegend', lineNo=373, type=FROM_ASSIGN,traces=none}",
		"projectName":"chart-16",
		"right":null,
		"riskLevel":"HIGH"
	},
	{
		"declaringClass":"com.fasterxml.jackson.databind.ser.std.MapSerializer",
		"declaringMethod":"com.fasterxml.jackson.databind.ser.std.MapSerializer.acceptJsonFormatVisitor(com.fasterxml.jackson.databind.jsonFormatVisitors.JsonFormatVisitorWrapper,com.fasterxml.jackson.databind.JavaType)",
		"dereferenceBase":"visitor",
		"dereferencePart":"visitor.getProvider()",
		"javaFile":"\\Experiments\\.\\BugSwarmProjects\\JacksonDatabind-13\\src\\main\\java\\com\\fasterxml\\jackson\\databind\\ser\\std\\MapSerializer.java",
		"lineNo":836,
		"nullValue":"{declaringClass='MapSerializer', lineNo=830, type=FROM_NULL_CHECK,traces=none}",
		"projectName":"JacksonDatabind-13",
		"right":null,
		"riskLevel":"LOW"
	},
	{
		"declaringClass":"org.jfree.chart.renderer.xy.XYBarRenderer",
		"declaringMethod":"org.jfree.chart.renderer.xy.XYBarRenderer.calculateLabelAnchorPoint(org.jfree.chart.labels.ItemLabelAnchor,java.awt.geom.Rectangle2D,org.jfree.chart.plot.PlotOrientation)",
		"dereferenceBase":"bar",
		"dereferencePart":"bar.getX()",
		"javaFile":"\\Experiments\\.\\BugSwarmProjects\\chart-16\\source\\org\\jfree\\chart\\renderer\\xy\\XYBarRenderer.java",
		"lineNo":795,
		"nullValue":"{declaringClass='StackedXYBarRenderer', lineNo=336, type=FROM_ASSIGN,traces=[PASS_AT_StackedXYBarRenderer_380, PASS_AT_XYBarRenderer_746]}",
		"projectName":"chart-16",
		"right":null,
		"riskLevel":"HIGH"
	},
	{
		"declaringClass":"org.apache.dubbo.common.compiler.support.AbstractCompiler",
		"declaringMethod":"org.apache.dubbo.common.compiler.support.AbstractCompiler.compile(java.lang.Class,java.lang.String,java.lang.ClassLoader)",
		"dereferenceBase":"lock",
		"dereferencePart":"lock.unlock()",
		"javaFile":"\\Experiments\\.\\BugSwarmProjects\\dubbo-416671625\\dubbo-common\\src\\main\\java\\org\\apache\\dubbo\\common\\compiler\\support\\AbstractCompiler.java",
		"lineNo":77,
		"nullValue":"{declaringClass='AbstractCompiler', lineNo=58, type=FROM_NULL_CHECK,traces=none}",
		"projectName":"dubbo-416671625",
		"right":null,
		"riskLevel":"LOW"
	},
	{
		"declaringClass":"org.apache.commons.lang3.mutable.MutableLong",
		"declaringMethod":"org.apache.commons.lang3.mutable.MutableLong.compareTo(org.apache.commons.lang3.mutable.MutableLong)",
		"dereferenceBase":"other",
		"dereferencePart":"other.value",
		"javaFile":"\\Experiments\\.\\BugSwarmProjects\\lang-20\\src\\main\\java\\org\\apache\\commons\\lang3\\mutable\\MutableLong.java",
		"lineNo":256,
		"nullValue":"{declaringClass='MutableLongTest', lineNo=107, type=FROM_ASSIGN,traces=[PASS_AT_MutableLongTest_107]}",
		"projectName":"lang-20",
		"right":null,
		"riskLevel":"HIGH"
	},
	{
		"declaringClass":"okhttp3.internal.http.CallServerInterceptor",
		"declaringMethod":"okhttp3.internal.http.CallServerInterceptor.intercept(okhttp3.Interceptor$Chain)",
		"dereferenceBase":"contentLength#11.body()",
		"dereferencePart":"contentLength#11.body().contentLength()",
		"javaFile":"\\Experiments\\.\\BugSwarmProjects\\okhttp-528014967\\okhttp\\src\\main\\java\\okhttp3\\internal\\http\\CallServerInterceptor.java",
		"lineNo":135,
		"nullValue":"none",
		"projectName":"okhttp-528014967",
		"right":null,
		"riskLevel":"HIGH"
	},
	{
		"declaringClass":"com.google.javascript.jscomp.RemoveTryCatch$RemoveTryCatchCode",
		"declaringMethod":"com.google.javascript.jscomp.RemoveTryCatch$RemoveTryCatchCode.visit(com.google.javascript.jscomp.NodeTraversal,com.google.javascript.rhino.Node,com.google.javascript.rhino.Node)",
		"dereferenceBase":"catchBlock",
		"dereferencePart":"catchBlock.hasOneChild()",
		"javaFile":"\\Experiments\\.\\BugSwarmProjects\\closure-2\\src\\com\\google\\javascript\\jscomp\\RemoveTryCatch.java",
		"lineNo":74,
		"nullValue":"{declaringClass='RemoveTryCatch$RemoveTryCatchCode', lineNo=64, type=FROM_NULL_CHECK,traces=none}",
		"projectName":"closure-2",
		"right":null,
		"riskLevel":"LOW"
	},
	{
		"declaringClass":"org.apache.dubbo.rpc.cluster.router.state.AbstractStateRouter",
		"declaringMethod":"org.apache.dubbo.rpc.cluster.router.state.AbstractStateRouter.route(org.apache.dubbo.rpc.cluster.router.state.BitList,org.apache.dubbo.common.URL,org.apache.dubbo.rpc.Invocation,boolean,org.apache.dubbo.common.utils.Holder)",
		"dereferenceBase":"nodeHolder",
		"dereferencePart":"nodeHolder.get()",
		"javaFile":"\\Experiments\\.\\BugSwarmProjects\\dubbo-416671625\\dubbo-cluster\\src\\main\\java\\org\\apache\\dubbo\\rpc\\cluster\\router\\state\\AbstractStateRouter.java",
		"lineNo":101,
		"nullValue":"{declaringClass='AbstractStateRouter', lineNo=91, type=FROM_NULL_CHECK,traces=none}",
		"projectName":"dubbo-416671625",
		"right":null,
		"riskLevel":"LOW"
	},
	{
		"declaringClass":"edu.harvard.iq.dataverse.ThumbnailServiceWrapper",
		"declaringMethod":"edu.harvard.iq.dataverse.ThumbnailServiceWrapper.getDatasetCardImageAsBase64Url(edu.harvard.iq.dataverse.Dataset,java.lang.Long,boolean)",
		"dereferenceBase":"dataAccess",
		"dereferencePart":"dataAccess.getAuxFileAsInputStream()",
		"javaFile":"\\Experiments\\.\\BugSwarmProjects\\dataverse-402758963\\src\\main\\java\\edu\\harvard\\iq\\dataverse\\ThumbnailServiceWrapper.java",
		"lineNo":224,
		"nullValue":"{declaringClass='ThumbnailServiceWrapper', lineNo=210, type=FROM_ASSIGN,traces=none}",
		"projectName":"dataverse-402758963",
		"right":null,
		"riskLevel":"HIGH"
	},
	{
		"declaringClass":"com.fasterxml.jackson.databind.introspect.POJOPropertiesCollector",
		"declaringMethod":"com.fasterxml.jackson.databind.introspect.POJOPropertiesCollector._addGetterMethod(java.util.Map,com.fasterxml.jackson.databind.introspect.AnnotatedMethod,com.fasterxml.jackson.databind.AnnotationIntrospector)",
		"dereferenceBase":"pn",
		"dereferencePart":"pn.isEmpty()",
		"javaFile":"\\Experiments\\.\\BugSwarmProjects\\JacksonDatabind-93\\src\\main\\java\\com\\fasterxml\\jackson\\databind\\introspect\\POJOPropertiesCollector.java",
		"lineNo":590,
		"nullValue":"{declaringClass='POJOPropertiesCollector', lineNo=563, type=FROM_ASSIGN,traces=none}",
		"projectName":"JacksonDatabind-93",
		"right":null,
		"riskLevel":"HIGH"
	},
	{
		"declaringClass":"org.jfree.chart.util.RectangleAnchor",
		"declaringMethod":"org.jfree.chart.util.RectangleAnchor.coordinates(java.awt.geom.Rectangle2D,org.jfree.chart.util.RectangleAnchor)",
		"dereferenceBase":"rectangle",
		"dereferencePart":"rectangle.getMinX()",
		"javaFile":"\\Experiments\\.\\BugSwarmProjects\\chart-16\\source\\org\\jfree\\chart\\util\\RectangleAnchor.java",
		"lineNo":174,
		"nullValue":"{declaringClass='AbstractCategoryItemRenderer', lineNo=1181, type=FROM_ASSIGN,traces=[PASS_AT_AbstractCategoryItemRenderer_1190]}",
		"projectName":"chart-16",
		"right":null,
		"riskLevel":"HIGH"
	},
	{
		"declaringClass":"com.fasterxml.jackson.databind.DeserializationContext",
		"declaringMethod":"com.fasterxml.jackson.databind.DeserializationContext.instantiationException(java.lang.Class,java.lang.Throwable)",
		"dereferenceBase":"instClass",
		"dereferencePart":"instClass.getName()",
		"javaFile":"\\Experiments\\.\\BugSwarmProjects\\JacksonDatabind-95\\src\\main\\java\\com\\fasterxml\\jackson\\databind\\DeserializationContext.java",
		"lineNo":1456,
		"nullValue":"{declaringClass='DateDeserializers$CalendarDeserializer', lineNo=218, type=FROM_NULL_CHECK,traces=[PASS_AT_DateDeserializers$CalendarDeserializer_230, PASS_AT_DeserializationContext_1055]}",
		"projectName":"JacksonDatabind-95",
		"right":null,
		"riskLevel":"LOW"
	},
	{
		"declaringClass":"com.google.javascript.jscomp.VarCheck$NameRefInExternsCheck",
		"declaringMethod":"com.google.javascript.jscomp.VarCheck$NameRefInExternsCheck.visit(com.google.javascript.jscomp.NodeTraversal,com.google.javascript.rhino.Node,com.google.javascript.rhino.Node)",
		"dereferenceBase":"parent",
		"dereferencePart":"parent.getType()",
		"javaFile":"\\Experiments\\.\\BugSwarmProjects\\closure-2\\src\\com\\google\\javascript\\jscomp\\VarCheck.java",
		"lineNo":236,
		"nullValue":"{declaringClass='NodeTraversal', lineNo=277, type=FROM_ASSIGN,traces=[PASS_AT_NodeTraversal_277, PASS_AT_NodeTraversal_505]}",
		"projectName":"closure-2",
		"right":null,
		"riskLevel":"HIGH"
	},
	{
		"declaringClass":"edu.harvard.iq.dataverse.ingest.metadataextraction.impl.plugins.fits.FITSFileMetadataExtractor",
		"declaringMethod":"edu.harvard.iq.dataverse.ingest.metadataextraction.impl.plugins.fits.FITSFileMetadataExtractor.ingest(java.io.BufferedInputStream)",
		"dereferenceBase":"stopObsTime",
		"dereferencePart":"stopObsTime.equals()",
		"javaFile":"\\Experiments\\.\\BugSwarmProjects\\dataverse-402758963\\src\\main\\java\\edu\\harvard\\iq\\dataverse\\ingest\\metadataextraction\\impl\\plugins\\fits\\FITSFileMetadataExtractor.java",
		"lineNo":717,
		"nullValue":"{declaringClass='FITSFileMetadataExtractor', lineNo=415, type=FROM_ASSIGN,traces=none}",
		"projectName":"dataverse-402758963",
		"right":null,
		"riskLevel":"HIGH"
	},
	{
		"declaringClass":"com.fasterxml.jackson.databind.JsonDeserializer",
		"declaringMethod":"com.fasterxml.jackson.databind.JsonDeserializer.deserialize(com.fasterxml.jackson.core.JsonParser,com.fasterxml.jackson.databind.DeserializationContext,java.lang.Object)",
		"dereferenceBase":"intoValue",
		"dereferencePart":"intoValue.getClass()",
		"javaFile":"\\Experiments\\.\\BugSwarmProjects\\JacksonDatabind-13\\src\\main\\java\\com\\fasterxml\\jackson\\databind\\JsonDeserializer.java",
		"lineNo":129,
		"nullValue":"{declaringClass='InnerClassProperty', lineNo=117, type=FROM_ASSIGN,traces=[PASS_AT_InnerClassProperty_119]}",
		"projectName":"JacksonDatabind-13",
		"right":null,
		"riskLevel":"HIGH"
	},
	{
		"declaringClass":"org.apache.commons.lang3.mutable.MutableInt",
		"declaringMethod":"org.apache.commons.lang3.mutable.MutableInt.<init>(java.lang.Number)",
		"dereferenceBase":"value",
		"dereferencePart":"value.intValue()",
		"javaFile":"\\Experiments\\.\\BugSwarmProjects\\lang-20\\src\\main\\java\\org\\apache\\commons\\lang3\\mutable\\MutableInt.java",
		"lineNo":63,
		"nullValue":"{declaringClass='MutableIntTest', lineNo=45, type=FROM_ASSIGN,traces=[PASS_AT_MutableIntTest_45]}",
		"projectName":"lang-20",
		"right":null,
		"riskLevel":"HIGH"
	},
	{
		"declaringClass":"com.fasterxml.jackson.databind.JsonSerializer",
		"declaringMethod":"com.fasterxml.jackson.databind.JsonSerializer.serializeWithType(java.lang.Object,com.fasterxml.jackson.core.JsonGenerator,com.fasterxml.jackson.databind.SerializerProvider,com.fasterxml.jackson.databind.jsontype.TypeSerializer)",
		"dereferenceBase":"value",
		"dereferencePart":"value.getClass()",
		"javaFile":"\\Experiments\\.\\BugSwarmProjects\\JacksonDatabind-107\\src\\main\\java\\com\\fasterxml\\jackson\\databind\\JsonSerializer.java",
		"lineNo":158,
		"nullValue":"{declaringClass='MapEntrySerializer', lineNo=374, type=FROM_NULL_CHECK,traces=[PASS_AT_MapEntrySerializer_409]}",
		"projectName":"JacksonDatabind-107",
		"right":null,
		"riskLevel":"LOW"
	},
	{
		"declaringClass":"com.fasterxml.jackson.databind.deser.BeanDeserializer",
		"declaringMethod":"com.fasterxml.jackson.databind.deser.BeanDeserializer._deserializeUsingPropertyBased(com.fasterxml.jackson.core.JsonParser,com.fasterxml.jackson.databind.DeserializationContext)",
		"dereferenceBase":"propName#25",
		"dereferencePart":"propName#25.getClass()",
		"javaFile":"\\Experiments\\.\\BugSwarmProjects\\JacksonDatabind-95\\src\\main\\java\\com\\fasterxml\\jackson\\databind\\deser\\BeanDeserializer.java",
		"lineNo":483,
		"nullValue":"{declaringClass='BeanDeserializer', lineNo=474, type=FROM_ASSIGN,traces=none}",
		"projectName":"JacksonDatabind-95",
		"right":null,
		"riskLevel":"HIGH"
	},
	{
		"declaringClass":"org.apache.commons.math.optimization.fitting.HarmonicCoefficientsGuesser",
		"declaringMethod":"org.apache.commons.math.optimization.fitting.HarmonicCoefficientsGuesser.sortObservations()",
		"dereferenceBase":"mI",
		"dereferencePart":"mI.getX()",
		"javaFile":"\\Experiments\\.\\BugSwarmProjects\\math-79\\src\\main\\java\\org\\apache\\commons\\math\\optimization\\fitting\\HarmonicCoefficientsGuesser.java",
		"lineNo":174,
		"nullValue":"{declaringClass='HarmonicCoefficientsGuesser', lineNo=179, type=FROM_ASSIGN,traces=none}",
		"projectName":"math-79",
		"right":null,
		"riskLevel":"HIGH"
	},
	{
		"declaringClass":"com.google.javascript.jscomp.RenameLabels$ProcessLabels",
		"declaringMethod":"com.google.javascript.jscomp.RenameLabels$ProcessLabels.visitLabel(com.google.javascript.rhino.Node,com.google.javascript.rhino.Node)",
		"dereferenceBase":"nameNode",
		"dereferencePart":"nameNode.getString()",
		"javaFile":"\\Experiments\\.\\BugSwarmProjects\\closure-2\\src\\com\\google\\javascript\\jscomp\\RenameLabels.java",
		"lineNo":214,
		"nullValue":"{declaringClass='RenameLabels$ProcessLabels', lineNo=213, type=FROM_NULL_CHECK,traces=none}",
		"projectName":"closure-2",
		"right":null,
		"riskLevel":"LOW"
	},
	{
		"declaringClass":"com.fasterxml.jackson.databind.introspect.POJOPropertyBuilder$Linked",
		"declaringMethod":"com.fasterxml.jackson.databind.introspect.POJOPropertyBuilder$Linked.<init>(java.lang.Object,com.fasterxml.jackson.databind.introspect.POJOPropertyBuilder$Linked,com.fasterxml.jackson.databind.PropertyName,boolean,boolean,boolean)",
		"dereferenceBase":"name",
		"dereferencePart":"name.hasSimpleName()",
		"javaFile":"\\Experiments\\.\\BugSwarmProjects\\JacksonDatabind-36\\src\\main\\java\\com\\fasterxml\\jackson\\databind\\introspect\\POJOPropertyBuilder.java",
		"lineNo":1143,
		"nullValue":"{declaringClass='POJOPropertiesCollector', lineNo=359, type=FROM_ASSIGN,traces=[PASS_AT_POJOPropertiesCollector_399, PASS_AT_POJOPropertyBuilder_581]}",
		"projectName":"JacksonDatabind-36",
		"right":null,
		"riskLevel":"HIGH"
	},
	{
		"declaringClass":"edu.harvard.iq.dataverse.rserve.RemoteDataFrameService",
		"declaringMethod":"edu.harvard.iq.dataverse.rserve.RemoteDataFrameService.execute(edu.harvard.iq.dataverse.rserve.RJobRequest)",
		"dereferenceBase":"tmpFmt",
		"dereferencePart":"tmpFmt.keySet()",
		"javaFile":"\\Experiments\\.\\BugSwarmProjects\\dataverse-402758963\\src\\main\\java\\edu\\harvard\\iq\\dataverse\\rserve\\RemoteDataFrameService.java",
		"lineNo":291,
		"nullValue":"{declaringClass='RemoteDataFrameService', lineNo=237, type=FROM_NULL_CHECK,traces=none}",
		"projectName":"dataverse-402758963",
		"right":null,
		"riskLevel":"LOW"
	},
	{
		"declaringClass":"org.jsoup.parser.HtmlTreeBuilder",
		"declaringMethod":"org.jsoup.parser.HtmlTreeBuilder.parseFragment(java.lang.String,org.jsoup.nodes.Element,java.lang.String,org.jsoup.parser.Parser)",
		"dereferenceBase":"root",
		"dereferencePart":"root.childNodes()",
		"javaFile":"\\Experiments\\.\\BugSwarmProjects\\Jsoup-89\\src\\main\\java\\org\\jsoup\\parser\\HtmlTreeBuilder.java",
		"lineNo":128,
		"nullValue":"{declaringClass='HtmlTreeBuilder', lineNo=88, type=FROM_ASSIGN,traces=none}",
		"projectName":"Jsoup-89",
		"right":null,
		"riskLevel":"HIGH"
	},
	{
		"declaringClass":"com.google.javascript.jscomp.ReplaceIdGenerators$ReplaceGenerators",
		"declaringMethod":"com.google.javascript.jscomp.ReplaceIdGenerators$ReplaceGenerators.visit(com.google.javascript.jscomp.NodeTraversal,com.google.javascript.rhino.Node,com.google.javascript.rhino.Node)",
		"dereferenceBase":"parent",
		"dereferencePart":"parent.replaceChild(n,IR.string(rename))",
		"javaFile":"\\Experiments\\.\\BugSwarmProjects\\closure-2\\src\\com\\google\\javascript\\jscomp\\ReplaceIdGenerators.java",
		"lineNo":290,
		"nullValue":"{declaringClass='NodeTraversal', lineNo=277, type=FROM_ASSIGN,traces=[PASS_AT_NodeTraversal_277, PASS_AT_NodeTraversal_505]}",
		"projectName":"closure-2",
		"right":null,
		"riskLevel":"HIGH"
	},
	{
		"declaringClass":"org.jfree.chart.util.RectangleAnchor",
		"declaringMethod":"org.jfree.chart.util.RectangleAnchor.coordinates(java.awt.geom.Rectangle2D,org.jfree.chart.util.RectangleAnchor)",
		"dereferenceBase":"rectangle",
		"dereferencePart":"rectangle.getCenterX()",
		"javaFile":"\\Experiments\\.\\BugSwarmProjects\\chart-4\\source\\org\\jfree\\chart\\util\\RectangleAnchor.java",
		"lineNo":165,
		"nullValue":"{declaringClass='AbstractCategoryItemRenderer', lineNo=1336, type=FROM_ASSIGN,traces=[PASS_AT_AbstractCategoryItemRenderer_1345]}",
		"projectName":"chart-4",
		"right":null,
		"riskLevel":"HIGH"
	},
	{
		"declaringClass":"org.nutz.repo.org.objectweb.asm.Frame",
		"declaringMethod":"org.nutz.repo.org.objectweb.asm.Frame.execute(int,int,org.nutz.repo.org.objectweb.asm.ClassWriter,org.nutz.repo.org.objectweb.asm.Item)",
		"dereferenceBase":"item",
		"dereferencePart":"item.strVal1",
		"javaFile":"\\Experiments\\.\\BugSwarmProjects\\nutz-90868641\\src\\org\\nutz\\repo\\org\\objectweb\\asm\\Frame.java",
		"lineNo":1194,
		"nullValue":"{declaringClass='MethodWriter', lineNo=1111, type=FROM_ASSIGN,traces=[PASS_AT_MethodWriter_1111]}",
		"projectName":"nutz-90868641",
		"right":null,
		"riskLevel":"HIGH"
	},
	{
		"declaringClass":"org.jfree.chart.renderer.xy.XYDifferenceRenderer",
		"declaringMethod":"org.jfree.chart.renderer.xy.XYDifferenceRenderer.drawItemPass0(java.awt.Graphics2D,org.jfree.chart.renderer.xy.XYItemRendererState,java.awt.geom.Rectangle2D,org.jfree.chart.plot.XYPlot,org.jfree.chart.axis.ValueAxis,org.jfree.chart.axis.ValueAxis,org.jfree.data.xy.XYDataset,int,int,boolean)",
		"dereferenceBase":"l_subtrahendCurX",
		"dereferencePart":"l_subtrahendCurX.doubleValue()",
		"javaFile":"\\Experiments\\.\\BugSwarmProjects\\chart-4\\source\\org\\jfree\\chart\\renderer\\xy\\XYDifferenceRenderer.java",
		"lineNo":508,
		"nullValue":"{declaringClass='XYDifferenceRenderer', lineNo=449, type=FROM_ASSIGN,traces=none}",
		"projectName":"chart-4",
		"right":null,
		"riskLevel":"HIGH"
	},
	{
		"declaringClass":"org.jfree.chart.ChartFactory",
		"declaringMethod":"org.jfree.chart.ChartFactory.createPieChart(java.lang.String,org.jfree.data.general.PieDataset,org.jfree.data.general.PieDataset,int,boolean,boolean,boolean,java.util.Locale,boolean,boolean)",
		"dereferenceBase":"series",
		"dereferencePart":"series.setValue(new java.lang.StringBuffer.append(key).append(\" (+100%)\").toString(),newValue)",
		"javaFile":"\\Experiments\\.\\BugSwarmProjects\\chart-4\\source\\org\\jfree\\chart\\ChartFactory.java",
		"lineNo":421,
		"nullValue":"{declaringClass='ChartFactory', lineNo=402, type=FROM_ASSIGN,traces=none}",
		"projectName":"chart-4",
		"right":null,
		"riskLevel":"HIGH"
	},
	{
		"declaringClass":"okhttp3.internal.http.CallServerInterceptor",
		"declaringMethod":"okhttp3.internal.http.CallServerInterceptor.intercept(okhttp3.Interceptor$Chain)",
		"dereferenceBase":"request.body()",
		"dereferencePart":"request.body().contentLength()",
		"javaFile":"\\Experiments\\.\\BugSwarmProjects\\okhttp-528014967\\okhttp\\src\\main\\java\\okhttp3\\internal\\http\\CallServerInterceptor.java",
		"lineNo":67,
		"nullValue":"none",
		"projectName":"okhttp-528014967",
		"right":null,
		"riskLevel":"HIGH"
	},
	{
		"declaringClass":"com.fasterxml.jackson.databind.deser.ValueInstantiator",
		"declaringMethod":"com.fasterxml.jackson.databind.deser.ValueInstantiator._createFromStringFallbacks(com.fasterxml.jackson.databind.DeserializationContext,java.lang.String)",
		"dereferenceBase":"value",
		"dereferencePart":"value.trim()",
		"javaFile":"\\Experiments\\.\\BugSwarmProjects\\JacksonDatabind-3\\src\\main\\java\\com\\fasterxml\\jackson\\databind\\deser\\ValueInstantiator.java",
		"lineNo":263,
		"nullValue":"{declaringClass='ThrowableDeserializer', lineNo=146, type=FROM_ASSIGN,traces=[PASS_AT_ThrowableDeserializer_146, PASS_AT_ValueInstantiator_178]}",
		"projectName":"JacksonDatabind-3",
		"right":null,
		"riskLevel":"HIGH"
	},
	{
		"declaringClass":"com.fasterxml.jackson.databind.jsontype.impl.TypeNameIdResolver",
		"declaringMethod":"com.fasterxml.jackson.databind.jsontype.impl.TypeNameIdResolver.construct(com.fasterxml.jackson.databind.cfg.MapperConfig,com.fasterxml.jackson.databind.JavaType,java.util.Collection,boolean,boolean)",
		"dereferenceBase":"idToType",
		"dereferencePart":"idToType.get()",
		"javaFile":"\\Experiments\\.\\BugSwarmProjects\\JacksonDatabind-13\\src\\main\\java\\com\\fasterxml\\jackson\\databind\\jsontype\\impl\\TypeNameIdResolver.java",
		"lineNo":64,
		"nullValue":"{declaringClass='TypeNameIdResolver', lineNo=41, type=FROM_ASSIGN,traces=none}",
		"projectName":"JacksonDatabind-13",
		"right":null,
		"riskLevel":"HIGH"
	},
	{
		"declaringClass":"org.jfree.chart.renderer.xy.XYDifferenceRenderer",
		"declaringMethod":"org.jfree.chart.renderer.xy.XYDifferenceRenderer.drawItemPass0(java.awt.Graphics2D,java.awt.geom.Rectangle2D,org.jfree.chart.plot.PlotRenderingInfo,org.jfree.chart.plot.XYPlot,org.jfree.chart.axis.ValueAxis,org.jfree.chart.axis.ValueAxis,org.jfree.data.xy.XYDataset,int,int,org.jfree.chart.plot.CrosshairState)",
		"dereferenceBase":"l_subtrahendNextX",
		"dereferencePart":"l_subtrahendNextX.doubleValue()",
		"javaFile":"\\Experiments\\.\\BugSwarmProjects\\chart-16\\source\\org\\jfree\\chart\\renderer\\xy\\XYDifferenceRenderer.java",
		"lineNo":521,
		"nullValue":"{declaringClass='XYDifferenceRenderer', lineNo=461, type=FROM_ASSIGN,traces=none}",
		"projectName":"chart-16",
		"right":null,
		"riskLevel":"HIGH"
	},
	{
		"declaringClass":"com.fasterxml.jackson.databind.deser.AbstractDeserializer",
		"declaringMethod":"com.fasterxml.jackson.databind.deser.AbstractDeserializer.createContextual(com.fasterxml.jackson.databind.DeserializationContext,com.fasterxml.jackson.databind.BeanProperty)",
		"dereferenceBase":"idProp",
		"dereferencePart":"idProp.getType()",
		"javaFile":"\\Experiments\\.\\BugSwarmProjects\\JacksonDatabind-107\\src\\main\\java\\com\\fasterxml\\jackson\\databind\\deser\\AbstractDeserializer.java",
		"lineNo":148,
		"nullValue":"{declaringClass='AbstractDeserializer', lineNo=142, type=FROM_ASSIGN,traces=none}",
		"projectName":"JacksonDatabind-107",
		"right":null,
		"riskLevel":"HIGH"
	},
	{
		"declaringClass":"com.fasterxml.jackson.databind.deser.BeanDeserializerBase",
		"declaringMethod":"com.fasterxml.jackson.databind.deser.BeanDeserializerBase.wrapInstantiationProblem(java.lang.Throwable,com.fasterxml.jackson.databind.DeserializationContext)",
		"dereferenceBase":"ctxt",
		"dereferencePart":"ctxt.instantiationException(this._beanType.getRawClass(),t)",
		"javaFile":"\\Experiments\\.\\BugSwarmProjects\\JacksonDatabind-3\\src\\main\\java\\com\\fasterxml\\jackson\\databind\\deser\\BeanDeserializerBase.java",
		"lineNo":1472,
		"nullValue":"{declaringClass='BeanDeserializerBase', lineNo=1463, type=FROM_NULL_CHECK,traces=none}",
		"projectName":"JacksonDatabind-3",
		"right":null,
		"riskLevel":"LOW"
	},
	{
		"declaringClass":"com.google.javascript.jscomp.NodeUtil",
		"declaringMethod":"com.google.javascript.jscomp.NodeUtil.removeChild(com.google.javascript.rhino.Node,com.google.javascript.rhino.Node)",
		"dereferenceBase":"parent",
		"dereferencePart":"parent.removeChild()",
		"javaFile":"\\Experiments\\.\\BugSwarmProjects\\closure-2\\src\\com\\google\\javascript\\jscomp\\NodeUtil.java",
		"lineNo":1794,
		"nullValue":"{declaringClass='NodeTraversal', lineNo=277, type=FROM_ASSIGN,traces=[PASS_AT_NodeTraversal_277, PASS_AT_NodeTraversal_505, PASS_AT_StripCode$Strip_105, PASS_AT_StripCode$Strip_167, PASS_AT_StripCode$Strip_605]}",
		"projectName":"closure-2",
		"right":null,
		"riskLevel":"HIGH"
	},
	{
		"declaringClass":"org.nutz.repo.org.objectweb.asm.Frame",
		"declaringMethod":"org.nutz.repo.org.objectweb.asm.Frame.execute(int,int,org.nutz.repo.org.objectweb.asm.ClassWriter,org.nutz.repo.org.objectweb.asm.Item)",
		"dereferenceBase":"item",
		"dereferencePart":"item.strVal3",
		"javaFile":"\\Experiments\\.\\BugSwarmProjects\\nutz-90868641\\src\\org\\nutz\\repo\\org\\objectweb\\asm\\Frame.java",
		"lineNo":1178,
		"nullValue":"{declaringClass='MethodWriter', lineNo=1111, type=FROM_ASSIGN,traces=[PASS_AT_MethodWriter_1111]}",
		"projectName":"nutz-90868641",
		"right":null,
		"riskLevel":"HIGH"
	}
]
