[
	{
		"declaringClass":"org.apache.commons.math3.linear.ArrayRealVector",
		"declaringMethod":"org.apache.commons.math3.linear.ArrayRealVector.setSubVector(int,org.apache.commons.math3.linear.RealVector)",
		"dereferenceBase":"v",
		"dereferencePart":"v.getDimension()",
		"javaFile":"\\Experiments\\.\\BugSwarmProjects\\math-4\\src\\main\\java\\org\\apache\\commons\\math3\\linear\\ArrayRealVector.java",
		"lineNo":689,
		"nullValue":"{declaringClass='ConjugateGradient', lineNo=179, type=FROM_ASSIGN,traces=[PASS_AT_ConjugateGradient_208]}",
		"projectName":"math-4",
		"right":false,
		"riskLevel":"HIGH"
	},
	{
		"declaringClass":"org.jfree.chart.plot.XYPlot",
		"declaringMethod":"org.jfree.chart.plot.XYPlot.drawDomainCrosshair(java.awt.Graphics2D,java.awt.geom.Rectangle2D,org.jfree.chart.plot.PlotOrientation,double,org.jfree.chart.axis.ValueAxis,java.awt.Stroke,java.awt.Paint)",
		"dereferenceBase":"axis",
		"dereferencePart":"axis.getRange()",
		"javaFile":"\\Experiments\\.\\BugSwarmProjects\\chart-16\\source\\org\\jfree\\chart\\plot\\XYPlot.java",
		"lineNo":3633,
		"nullValue":"{declaringClass='XYPlot', lineNo=690, type=FROM_ASSIGN,traces=[RETURN_FROM_XYPlot_2836, PASS_AT_XYPlot_2853]}",
		"projectName":"chart-16",
		"right":true,
		"riskLevel":"HIGH"
	},
	{
		"declaringClass":"edu.harvard.iq.dataverse.Dataverse",
		"declaringMethod":"edu.harvard.iq.dataverse.Dataverse.getFacetRootId()",
		"dereferenceBase":"this.getOwner()",
		"dereferencePart":"this.getOwner().getFacetRootId()",
		"javaFile":"\\Experiments\\.\\BugSwarmProjects\\dataverse-402758963\\src\\main\\java\\edu\\harvard\\iq\\dataverse\\Dataverse.java",
		"lineNo":570,
		"nullValue":"{declaringClass='DvObjectContainer', lineNo=19, type=FROM_ASSIGN,traces=[RETURN_FROM_Dataverse_570]}",
		"projectName":"dataverse-402758963",
		"right":false,
		"riskLevel":"HIGH"
	},
	{
		"declaringClass":"org.jfree.chart.util.RectangleAnchor",
		"declaringMethod":"org.jfree.chart.util.RectangleAnchor.coordinates(java.awt.geom.Rectangle2D,org.jfree.chart.util.RectangleAnchor)",
		"dereferenceBase":"rectangle",
		"dereferencePart":"rectangle.getCenterX()",
		"javaFile":"\\Experiments\\.\\BugSwarmProjects\\chart-4\\source\\org\\jfree\\chart\\util\\RectangleAnchor.java",
		"lineNo":171,
		"nullValue":"{declaringClass='AbstractCategoryItemRenderer', lineNo=1336, type=FROM_ASSIGN,traces=[PASS_AT_AbstractCategoryItemRenderer_1345]}",
		"projectName":"chart-4",
		"right":false,
		"riskLevel":"HIGH"
	},
	{
		"declaringClass":"com.google.javascript.jscomp.Tracer$ThreadTrace",
		"declaringMethod":"com.google.javascript.jscomp.Tracer$ThreadTrace.toString()",
		"dereferenceBase":"indent",
		"dereferencePart":"indent.push()",
		"javaFile":"\\Experiments\\.\\BugSwarmProjects\\closure-2\\src\\com\\google\\javascript\\jscomp\\Tracer.java",
		"lineNo":884,
		"nullValue":"{declaringClass='Tracer$ThreadTrace', lineNo=870, type=FROM_ASSIGN,traces=none}",
		"projectName":"closure-2",
		"right":false,
		"riskLevel":"HIGH"
	},
	{
		"declaringClass":"com.google.javascript.jscomp.NameAnalyzer$FindReferences",
		"declaringMethod":"com.google.javascript.jscomp.NameAnalyzer$FindReferences.visit(com.google.javascript.jscomp.NodeTraversal,com.google.javascript.rhino.Node,com.google.javascript.rhino.Node)",
		"dereferenceBase":"parent",
		"dereferencePart":"parent.isGetProp()",
		"javaFile":"\\Experiments\\.\\BugSwarmProjects\\closure-2\\src\\com\\google\\javascript\\jscomp\\NameAnalyzer.java",
		"lineNo":809,
		"nullValue":"{declaringClass='NodeTraversal', lineNo=277, type=FROM_ASSIGN,traces=[PASS_AT_NodeTraversal_277, PASS_AT_NodeTraversal_505]}",
		"projectName":"closure-2",
		"right":true,
		"riskLevel":"HIGH"
	},
	{
		"declaringClass":"edu.harvard.iq.dataverse.GuestbookResponseServiceBean",
		"declaringMethod":"edu.harvard.iq.dataverse.GuestbookResponseServiceBean.findArrayByGuestbookIdAndDataverseId(java.lang.Long,java.lang.Long,java.lang.Long)",
		"dereferenceBase":"customQandAs",
		"dereferencePart":"customQandAs.containsKey()",
		"javaFile":"\\Experiments\\.\\BugSwarmProjects\\dataverse-402758963\\src\\main\\java\\edu\\harvard\\iq\\dataverse\\GuestbookResponseServiceBean.java",
		"lineNo":303,
		"nullValue":"{declaringClass='GuestbookResponseServiceBean', lineNo=259, type=FROM_ASSIGN,traces=none}",
		"projectName":"dataverse-402758963",
		"right":true,
		"riskLevel":"HIGH"
	},
	{
		"declaringClass":"org.apache.commons.lang3.mutable.MutableShort",
		"declaringMethod":"org.apache.commons.lang3.mutable.MutableShort.setValue(java.lang.Number)",
		"dereferenceBase":"value",
		"dereferencePart":"value.shortValue()",
		"javaFile":"\\Experiments\\.\\BugSwarmProjects\\lang-20\\src\\main\\java\\org\\apache\\commons\\lang3\\mutable\\MutableShort.java",
		"lineNo":104,
		"nullValue":"{declaringClass='MutableShortTest', lineNo=67, type=FROM_ASSIGN,traces=[PASS_AT_MutableShortTest_67]}",
		"projectName":"lang-20",
		"right":true,
		"riskLevel":"HIGH"
	},
	{
		"declaringClass":"com.fasterxml.jackson.databind.ser.impl.IteratorSerializer",
		"declaringMethod":"com.fasterxml.jackson.databind.ser.impl.IteratorSerializer.serializeContents(java.util.Iterator,com.fasterxml.jackson.core.JsonGenerator,com.fasterxml.jackson.databind.SerializerProvider)",
		"dereferenceBase":"currSerializer",
		"dereferencePart":"currSerializer.serialize(elem,gen,provider)",
		"javaFile":"\\Experiments\\.\\BugSwarmProjects\\JacksonDatabind-95\\src\\main\\java\\com\\fasterxml\\jackson\\databind\\ser\\impl\\IteratorSerializer.java",
		"lineNo":95,
		"nullValue":"{declaringClass='IteratorSerializer', lineNo=74, type=FROM_ASSIGN,traces=none}",
		"projectName":"JacksonDatabind-95",
		"right":true,
		"riskLevel":"HIGH"
	},
	{
		"declaringClass":"okhttp3.MultipartBody",
		"declaringMethod":"okhttp3.MultipartBody.writeOrCountBytes(okio.BufferedSink,boolean)",
		"dereferenceBase":"$r9",
		"dereferencePart":"$r9.write()",
		"javaFile":"\\Experiments\\.\\BugSwarmProjects\\okhttp-528014967\\okhttp\\src\\main\\java\\okhttp3\\MultipartBody.java",
		"lineNo":179,
		"nullValue":"none",
		"projectName":"okhttp-528014967",
		"right":true,
		"riskLevel":"HIGH"
	},
	{
		"declaringClass":"edu.harvard.iq.dataverse.Dataverse",
		"declaringMethod":"edu.harvard.iq.dataverse.Dataverse.getParentGuestbooks()",
		"dereferenceBase":"testDV.getOwner()",
		"dereferencePart":"testDV.getOwner().getGuestbooks()",
		"javaFile":"\\Experiments\\.\\BugSwarmProjects\\dataverse-402758963\\src\\main\\java\\edu\\harvard\\iq\\dataverse\\Dataverse.java",
		"lineNo":315,
		"nullValue":"{declaringClass='DvObjectContainer', lineNo=19, type=FROM_ASSIGN,traces=[RETURN_FROM_Dataverse_315]}",
		"projectName":"dataverse-402758963",
		"right":true,
		"riskLevel":"HIGH"
	},
	{
		"declaringClass":"com.google.javascript.jscomp.Normalize$DuplicateDeclarationHandler",
		"declaringMethod":"com.google.javascript.jscomp.Normalize$DuplicateDeclarationHandler.replaceVarWithAssignment(com.google.javascript.rhino.Node,com.google.javascript.rhino.Node,com.google.javascript.rhino.Node)",
		"dereferenceBase":"parent",
		"dereferencePart":"parent.removeChild()",
		"javaFile":"\\Experiments\\.\\BugSwarmProjects\\closure-2\\src\\com\\google\\javascript\\jscomp\\Normalize.java",
		"lineNo":791,
		"nullValue":"{declaringClass='Scope$Var', lineNo=170, type=FROM_ASSIGN,traces=[RETURN_FROM_Normalize$DuplicateDeclarationHandler_762, PASS_AT_Normalize$DuplicateDeclarationHandler_762]}",
		"projectName":"closure-2",
		"right":true,
		"riskLevel":"HIGH"
	},
	{
		"declaringClass":"com.fasterxml.jackson.databind.deser.DataFormatReaders",
		"declaringMethod":"com.fasterxml.jackson.databind.deser.DataFormatReaders._findFormat(com.fasterxml.jackson.databind.deser.DataFormatReaders$AccessorForReader)",
		"dereferenceBase":"bestMatchStrength",
		"dereferencePart":"bestMatchStrength.ordinal()",
		"javaFile":"\\Experiments\\.\\BugSwarmProjects\\JacksonDatabind-3\\src\\main\\java\\com\\fasterxml\\jackson\\databind\\deser\\DataFormatReaders.java",
		"lineNo":228,
		"nullValue":"{declaringClass='DataFormatReaders', lineNo=218, type=FROM_ASSIGN,traces=none}",
		"projectName":"JacksonDatabind-3",
		"right":false,
		"riskLevel":"HIGH"
	},
	{
		"declaringClass":"com.google.javascript.jscomp.CoalesceVariableNames",
		"declaringMethod":"com.google.javascript.jscomp.CoalesceVariableNames.computeVariableNamesInterferenceGraph(com.google.javascript.jscomp.NodeTraversal,com.google.javascript.jscomp.ControlFlowGraph,java.util.Set)",
		"dereferenceBase":"scope",
		"dereferencePart":"scope.getVars()",
		"javaFile":"\\Experiments\\.\\BugSwarmProjects\\closure-2\\src\\com\\google\\javascript\\jscomp\\CoalesceVariableNames.java",
		"lineNo":219,
		"nullValue":"{declaringClass='NodeTraversal', lineNo=597, type=FROM_ASSIGN,traces=[RETURN_FROM_CoalesceVariableNames_216]}",
		"projectName":"closure-2",
		"right":true,
		"riskLevel":"HIGH"
	},
	{
		"declaringClass":"org.traccar.BaseProtocolDecoder",
		"declaringMethod":"org.traccar.BaseProtocolDecoder.getDeviceSession(org.jboss.netty.channel.Channel,java.net.SocketAddress,java.lang.String[])",
		"dereferenceBase":"channel",
		"dereferencePart":"channel.getPipeline()",
		"javaFile":"\\Experiments\\.\\BugSwarmProjects\\traccar-255051211\\src\\org\\traccar\\BaseProtocolDecoder.java",
		"lineNo":109,
		"nullValue":"{declaringClass='ProtocolTest', lineNo=106, type=FROM_ASSIGN,traces=[PASS_AT_ProtocolTest_106, PASS_AT_BceProtocolDecoder_55]}",
		"projectName":"traccar-255051211",
		"right":true,
		"riskLevel":"HIGH"
	},
	{
		"declaringClass":"edu.harvard.iq.dataverse.batch.jobs.importer.filesystem.FileRecordWriter",
		"declaringMethod":"edu.harvard.iq.dataverse.batch.jobs.importer.filesystem.FileRecordWriter.createPackageDataFile(java.util.List)",
		"dereferenceBase":"folderName",
		"dereferencePart":"folderName.length()",
		"javaFile":"\\Experiments\\.\\BugSwarmProjects\\dataverse-402758963\\src\\main\\java\\edu\\harvard\\iq\\dataverse\\batch\\jobs\\importer\\filesystem\\FileRecordWriter.java",
		"lineNo":295,
		"nullValue":"{declaringClass='FileRecordWriter', lineNo=236, type=FROM_ASSIGN,traces=none}",
		"projectName":"dataverse-402758963",
		"right":true,
		"riskLevel":"HIGH"
	},
	{
		"declaringClass":"com.google.javascript.jscomp.ShadowVariables$GatherReferenceInfo",
		"declaringMethod":"com.google.javascript.jscomp.ShadowVariables$GatherReferenceInfo.visit(com.google.javascript.jscomp.NodeTraversal,com.google.javascript.rhino.Node,com.google.javascript.rhino.Node)",
		"dereferenceBase":"s",
		"dereferencePart":"s.isLocal()",
		"javaFile":"\\Experiments\\.\\BugSwarmProjects\\closure-2\\src\\com\\google\\javascript\\jscomp\\ShadowVariables.java",
		"lineNo":157,
		"nullValue":"{declaringClass='NodeTraversal', lineNo=597, type=FROM_ASSIGN,traces=[RETURN_FROM_ShadowVariables$GatherReferenceInfo_156]}",
		"projectName":"closure-2",
		"right":true,
		"riskLevel":"HIGH"
	},
	{
		"declaringClass":"com.fasterxml.jackson.databind.deser.std.MapDeserializer",
		"declaringMethod":"com.fasterxml.jackson.databind.deser.std.MapDeserializer._readAndBind(com.fasterxml.jackson.core.JsonParser,com.fasterxml.jackson.databind.DeserializationContext,java.util.Map)",
		"dereferenceBase":"referringAccumulator",
		"dereferencePart":"referringAccumulator.put(key,value)",
		"javaFile":"\\Experiments\\.\\BugSwarmProjects\\JacksonDatabind-13\\src\\main\\java\\com\\fasterxml\\jackson\\databind\\deser\\std\\MapDeserializer.java",
		"lineNo":438,
		"nullValue":"{declaringClass='MapDeserializer', lineNo=408, type=FROM_ASSIGN,traces=none}",
		"projectName":"JacksonDatabind-13",
		"right":true,
		"riskLevel":"HIGH"
	},
	{
		"declaringClass":"com.fasterxml.jackson.databind.introspect.AnnotatedCreatorCollector",
		"declaringMethod":"com.fasterxml.jackson.databind.introspect.AnnotatedCreatorCollector._findPotentialConstructors(com.fasterxml.jackson.databind.JavaType,java.lang.Class)",
		"dereferenceBase":"ctors",
		"dereferencePart":"ctors.get()",
		"javaFile":"\\Experiments\\.\\BugSwarmProjects\\JacksonDatabind-80\\src\\main\\java\\com\\fasterxml\\jackson\\databind\\introspect\\AnnotatedCreatorCollector.java",
		"lineNo":171,
		"nullValue":"{declaringClass='AnnotatedCreatorCollector', lineNo=93, type=FROM_ASSIGN,traces=none}",
		"projectName":"JacksonDatabind-80",
		"right":false,
		"riskLevel":"HIGH"
	},
	{
		"declaringClass":"com.google.javascript.jscomp.FunctionArgumentInjector",
		"declaringMethod":"com.google.javascript.jscomp.FunctionArgumentInjector.inject(com.google.javascript.jscomp.AbstractCompiler,com.google.javascript.rhino.Node,com.google.javascript.rhino.Node,java.util.Map,boolean)",
		"dereferenceBase":"parent",
		"dereferencePart":"parent.replaceChild(node,replacement)",
		"javaFile":"\\Experiments\\.\\BugSwarmProjects\\closure-2\\src\\com\\google\\javascript\\jscomp\\FunctionArgumentInjector.java",
		"lineNo":83,
		"nullValue":"{declaringClass='FunctionInjector', lineNo=280, type=FROM_ASSIGN,traces=[PASS_AT_FunctionInjector_280, PASS_AT_FunctionArgumentInjector_58]}",
		"projectName":"closure-2",
		"right": true,
		"riskLevel":"HIGH"
	},
	{
		"declaringClass":"org.traccar.protocol.MeitrackProtocolDecoder",
		"declaringMethod":"org.traccar.protocol.MeitrackProtocolDecoder.decode(org.jboss.netty.channel.Channel,java.net.SocketAddress,java.lang.Object)",
		"dereferenceBase":"index",
		"dereferencePart":"index.intValue()",
		"javaFile":"\\Experiments\\.\\BugSwarmProjects\\traccar-85219838\\src\\org\\traccar\\protocol\\MeitrackProtocolDecoder.java",
		"lineNo":272,
		"nullValue":"{declaringClass='ChannelBufferTools', lineNo=59, type=FROM_RETURN,traces=[RETURN_FROM_MeitrackProtocolDecoder_271]}",
		"projectName":"traccar-85219838",
		"right": true,
		"riskLevel":"MIDDLE"
	},
	{
		"declaringClass":"edu.harvard.iq.dataverse.dataset.DatasetUtil",
		"declaringMethod":"edu.harvard.iq.dataverse.dataset.DatasetUtil.persistDatasetLogoToStorageAndCreateThumbnail(edu.harvard.iq.dataverse.Dataset,java.io.InputStream)",
		"dereferenceBase":"DataAccess.createNewStorageIO(dataset,\"placeholder\")",
		"dereferencePart":"DataAccess.createNewStorageIO(dataset,\"placeholder\").savePathAsAux(tmpFile.toPath(),DatasetUtil.datasetLogoFilenameFinal)",
		"javaFile":"\\Experiments\\.\\BugSwarmProjects\\dataverse-402758963\\src\\main\\java\\edu\\harvard\\iq\\dataverse\\dataset\\DatasetUtil.java",
		"lineNo":287,
		"nullValue":"{declaringClass='DatasetUtil', lineNo=274, type=FROM_ASSIGN,traces=none}",
		"projectName":"dataverse-402758963",
		"right": true,
		"riskLevel":"HIGH"
	},
	{
		"declaringClass":"com.fasterxml.jackson.databind.ObjectReader",
		"declaringMethod":"com.fasterxml.jackson.databind.ObjectReader._bindAndReadValues(com.fasterxml.jackson.core.JsonParser,java.lang.Object)",
		"dereferenceBase":"p",
		"dereferencePart":"p.setSchema()",
		"javaFile":"\\Experiments\\.\\BugSwarmProjects\\JacksonDatabind-3\\src\\main\\java\\com\\fasterxml\\jackson\\databind\\ObjectReader.java",
		"lineNo":1328,
		"nullValue":"{declaringClass='DataFormatReaders$Match', lineNo=364, type=FROM_RETURN,traces=[RETURN_FROM_ObjectReader_1497, PASS_AT_ObjectReader_1504]}",
		"projectName":"JacksonDatabind-3",
		"right": false,
		"riskLevel":"MIDDLE"
	},
	{
		"declaringClass":"org.jfree.chart.renderer.category.GroupedStackedBarRenderer",
		"declaringMethod":"org.jfree.chart.renderer.category.GroupedStackedBarRenderer.calculateBarW0(org.jfree.chart.plot.CategoryPlot,org.jfree.chart.plot.PlotOrientation,java.awt.geom.Rectangle2D,org.jfree.chart.axis.CategoryAxis,org.jfree.chart.renderer.category.CategoryItemRendererState,int,int)",
		"dereferenceBase":"plot.getDataset(plot.getIndexOf(this))",
		"dereferencePart":"plot.getDataset(plot.getIndexOf(this)).getRowKey()",
		"javaFile":"\\Experiments\\.\\BugSwarmProjects\\chart-16\\source\\org\\jfree\\chart\\renderer\\category\\GroupedStackedBarRenderer.java",
		"lineNo":210,
		"nullValue":"{declaringClass='CategoryPlot', lineNo=1168, type=FROM_ASSIGN,traces=[RETURN_FROM_GroupedStackedBarRenderer_209]}",
		"projectName":"chart-16",
		"right": true,
		"riskLevel":"HIGH"
	},
	{
		"declaringClass":"edu.harvard.iq.dataverse.DatasetPage",
		"declaringMethod":"edu.harvard.iq.dataverse.DatasetPage.getComputeUrl(edu.harvard.iq.dataverse.FileMetadata)",
		"dereferenceBase":"swiftObject",
		"dereferencePart":"swiftObject.getSwiftFileName()",
		"javaFile":"\\Experiments\\.\\BugSwarmProjects\\dataverse-402758963\\src\\main\\java\\edu\\harvard\\iq\\dataverse\\DatasetPage.java",
		"lineNo":682,
		"nullValue":"{declaringClass='DatasetPage', lineNo=667, type=FROM_ASSIGN,traces=none}",
		"projectName":"dataverse-402758963",
		"right": true,
		"riskLevel":"HIGH"
	},
	{
		"declaringClass":"org.jfree.chart.axis.PeriodAxis",
		"declaringMethod":"org.jfree.chart.axis.PeriodAxis.drawTickLabels(int,java.awt.Graphics2D,org.jfree.chart.axis.AxisState,java.awt.geom.Rectangle2D,org.jfree.chart.util.RectangleEdge)",
		"dereferenceBase":"p",
		"dereferencePart":"p.getFirstMillisecond()",
		"javaFile":"\\Experiments\\.\\BugSwarmProjects\\chart-14\\source\\org\\jfree\\chart\\axis\\PeriodAxis.java",
		"lineNo":834,
		"nullValue":"{declaringClass='PeriodAxisLabelInfo', lineNo=271, type=FROM_ASSIGN,traces=[RETURN_FROM_PeriodAxis_823]}",
		"projectName":"chart-14",
		"right": true,
		"riskLevel":"HIGH"
	},
	{
		"declaringClass":"de.charite.compbio.jannovar.annotation.VariantAnnotationsContentDecorator",
		"declaringMethod":"de.charite.compbio.jannovar.annotation.VariantAnnotationsContentDecorator.hasStructuralVariant()",
		"dereferenceBase":"entry.getMostPathogenicVarType()",
		"dereferencePart":"entry.getMostPathogenicVarType().isStructural()",
		"javaFile":"\\Experiments\\.\\BugSwarmProjects\\jannovar-146105695\\jannovar-core\\src\\main\\java\\de\\charite\\compbio\\jannovar\\annotation\\VariantAnnotationsContentDecorator.java",
		"lineNo":49,
		"nullValue":"{declaringClass='Annotation', lineNo=319, type=FROM_RETURN,traces=[RETURN_FROM_VariantAnnotationsContentDecorator_49]}",
		"projectName":"jannovar-146105695",
		"right": false,
		"riskLevel":"MIDDLE"
	},
	{
		"declaringClass":"com.google.javascript.jscomp.RenameProperties$ProcessProperties",
		"declaringMethod":"com.google.javascript.jscomp.RenameProperties$ProcessProperties.enterScope(com.google.javascript.jscomp.NodeTraversal)",
		"dereferenceBase":"t.getScope()",
		"dereferencePart":"t.getScope().getParent()",
		"javaFile":"\\Experiments\\.\\BugSwarmProjects\\closure-2\\src\\com\\google\\javascript\\jscomp\\RenameProperties.java",
		"lineNo":535,
		"nullValue":"{declaringClass='NodeTraversal', lineNo=597, type=FROM_ASSIGN,traces=[RETURN_FROM_RenameProperties$ProcessProperties_535]}",
		"projectName":"closure-2",
		"right": true,
		"riskLevel":"HIGH"
	},
	{
		"declaringClass":"org.nutz.el.opt.arithmetic.MulOpt",
		"declaringMethod":"org.nutz.el.opt.arithmetic.MulOpt.calculate()",
		"dereferenceBase":"lval",
		"dereferencePart":"lval.floatValue()",
		"javaFile":"\\Experiments\\.\\BugSwarmProjects\\nutz-90868641\\src\\org\\nutz\\el\\opt\\arithmetic\\MulOpt.java",
		"lineNo":21,
		"nullValue":"{declaringClass='AbstractOpt', lineNo=34, type=FROM_RETURN,traces=[RETURN_FROM_MulOpt_15]}",
		"projectName":"nutz-90868641",
		"right": true,
		"riskLevel":"MIDDLE"
	},
	{
		"declaringClass":"com.google.javascript.jscomp.MemoizedScopeCreator",
		"declaringMethod":"com.google.javascript.jscomp.MemoizedScopeCreator.removeScopesForScript(java.lang.String)",
		"dereferenceBase":"scriptName",
		"dereferencePart":"scriptName.equals()",
		"javaFile":"\\Experiments\\.\\BugSwarmProjects\\closure-2\\src\\com\\google\\javascript\\jscomp\\MemoizedScopeCreator.java",
		"lineNo":105,
		"nullValue":"{declaringClass='Node', lineNo=1086, type=FROM_ASSIGN,traces=[RETURN_FROM_CleanupPasses$MemoizedScopeCleanupPass_126, PASS_AT_CleanupPasses$MemoizedScopeCleanupPass_126]}",
		"projectName":"closure-2",
		"right": true,
		"riskLevel":"HIGH"
	},
	{
		"declaringClass":"com.google.javascript.jscomp.RenameVars",
		"declaringMethod":"com.google.javascript.jscomp.RenameVars.getLocalVarIndex(com.google.javascript.jscomp.Scope$Var)",
		"dereferenceBase":"v",
		"dereferencePart":"v.index",
		"javaFile":"\\Experiments\\.\\BugSwarmProjects\\closure-2\\src\\com\\google\\javascript\\jscomp\\RenameVars.java",
		"lineNo":545,
		"nullValue":"{declaringClass='Scope', lineNo=535, type=FROM_RETURN,traces=[RETURN_FROM_RenameVars$ProcessVars_227, PASS_AT_RenameVars$ProcessVars_272, PASS_AT_RenameVars_46]}",
		"projectName":"closure-2",
		"right":null,
		"riskLevel":"MIDDLE"
	},
	{
		"declaringClass":"org.languagetool.rules.uk.SimpleReplaceRule",
		"declaringMethod":"org.languagetool.rules.uk.SimpleReplaceRule.findMatches(org.languagetool.AnalyzedTokenReadings,org.languagetool.AnalyzedSentence)",
		"dereferenceBase":"tokenReadings.getAnalyzedToken(0).getLemma()",
		"dereferencePart":"tokenReadings.getAnalyzedToken(0).getLemma().endsWith()",
		"javaFile":"\\Experiments\\.\\BugSwarmProjects\\languagetool-393031702\\languagetool-language-modules\\uk\\src\\main\\java\\org\\languagetool\\rules\\uk\\SimpleReplaceRule.java",
		"lineNo":100,
		"nullValue":"{declaringClass='AnalyzedToken', lineNo=-1, type=FROM_ANNOTATION,traces=none}",
		"projectName":"languagetool-393031702",
		"right":null,
		"riskLevel":"LOW"
	},
	{
		"declaringClass":"com.willwinder.universalgcodesender.uielements.jog.JogPanel",
		"declaringMethod":"com.willwinder.universalgcodesender.uielements.jog.JogPanel.initComponents()",
		"dereferenceBase":"this.backend",
		"dereferencePart":"this.backend.getSettings()",
		"javaFile":"\\Experiments\\.\\BugSwarmProjects\\Universal-G-Code-Sender-172454077\\ugs-core\\src\\com\\willwinder\\universalgcodesender\\uielements\\jog\\JogPanel.java",
		"lineNo":103,
		"nullValue":"{declaringClass='JogPanel', lineNo=74, type=FROM_NULL_CHECK,traces=[RETURN_FROM_JogPanel_98]}",
		"projectName":"Universal-G-Code-Sender-172454077",
		"right":null,
		"riskLevel":"LOW"
	},
	{
		"declaringClass":"edu.harvard.iq.dataverse.ingest.tabulardata.impl.plugins.sav.SAVFileReader",
		"declaringMethod":"edu.harvard.iq.dataverse.ingest.tabulardata.impl.plugins.sav.SAVFileReader.decodeRecordType2(java.io.BufferedInputStream)",
		"dereferenceBase":"nbytes_2_4#85",
		"dereferencePart":"nbytes_2_4#85.setInvalidValues()",
		"javaFile":"\\Experiments\\.\\BugSwarmProjects\\dataverse-402758963\\src\\main\\java\\edu\\harvard\\iq\\dataverse\\ingest\\tabulardata\\impl\\plugins\\sav\\SAVFileReader.java",
		"lineNo":1385,
		"nullValue":"{declaringClass='SAVFileReader', lineNo=1222, type=FROM_ASSIGN,traces=none}",
		"projectName":"dataverse-402758963",
		"right":null,
		"riskLevel":"HIGH"
	},
	{
		"declaringClass":"com.fasterxml.jackson.databind.util.TokenBuffer$Parser",
		"declaringMethod":"com.fasterxml.jackson.databind.util.TokenBuffer$Parser.getDecimalValue()",
		"dereferenceBase":"n",
		"dereferencePart":"n.longValue()",
		"javaFile":"\\Experiments\\.\\BugSwarmProjects\\JacksonDatabind-93\\src\\main\\java\\com\\fasterxml\\jackson\\databind\\util\\TokenBuffer.java",
		"lineNo":1489,
		"nullValue":"{declaringClass='TokenBuffer$Parser', lineNo=1555, type=FROM_RETURN,traces=[RETURN_FROM_TokenBuffer$Parser_1482]}",
		"projectName":"JacksonDatabind-93",
		"right":null,
		"riskLevel":"MIDDLE"
	},
	{
		"declaringClass":"com.fasterxml.jackson.databind.util.TokenBuffer$Parser",
		"declaringMethod":"com.fasterxml.jackson.databind.util.TokenBuffer$Parser.getBigIntegerValue()",
		"dereferenceBase":"n",
		"dereferencePart":"n.longValue()",
		"javaFile":"\\Experiments\\.\\BugSwarmProjects\\JacksonDatabind-93\\src\\main\\java\\com\\fasterxml\\jackson\\databind\\util\\TokenBuffer.java",
		"lineNo":1476,
		"nullValue":"{declaringClass='TokenBuffer$Parser', lineNo=1555, type=FROM_RETURN,traces=[RETURN_FROM_TokenBuffer$Parser_1468]}",
		"projectName":"JacksonDatabind-93",
		"right":null,
		"riskLevel":"MIDDLE"
	},
	{
		"declaringClass":"com.fasterxml.jackson.databind.introspect.POJOPropertiesCollector",
		"declaringMethod":"com.fasterxml.jackson.databind.introspect.POJOPropertiesCollector._addSetterMethod(com.fasterxml.jackson.databind.introspect.AnnotatedMethod,com.fasterxml.jackson.databind.AnnotationIntrospector)",
		"dereferenceBase":"pn",
		"dereferencePart":"pn.isEmpty()",
		"javaFile":"\\Experiments\\.\\BugSwarmProjects\\JacksonDatabind-3\\src\\main\\java\\com\\fasterxml\\jackson\\databind\\introspect\\POJOPropertiesCollector.java",
		"lineNo":615,
		"nullValue":"{declaringClass='AnnotationIntrospector', lineNo=967, type=FROM_RETURN,traces=[RETURN_FROM_POJOPropertiesCollector_594]}",
		"projectName":"JacksonDatabind-3",
		"right":null,
		"riskLevel":"MIDDLE"
	},
	{
		"declaringClass":"okhttp3.recipes.CheckHandshake",
		"declaringMethod":"okhttp3.recipes.CheckHandshake.run()",
		"dereferenceBase":"response.body()",
		"dereferencePart":"response.body().string()",
		"javaFile":"\\Experiments\\.\\BugSwarmProjects\\okhttp-528014967\\samples\\guide\\src\\main\\java\\okhttp3\\recipes\\CheckHandshake.java",
		"lineNo":57,
		"nullValue":"{declaringClass='Response', lineNo=-1, type=FROM_ANNOTATION,traces=none}",
		"projectName":"okhttp-528014967",
		"right":null,
		"riskLevel":"LOW"
	},
	{
		"declaringClass":"com.google.javascript.rhino.jstype.JSTypeRegistry",
		"declaringMethod":"com.google.javascript.rhino.jstype.JSTypeRegistry.unregisterPropertyOnType(java.lang.String,com.google.javascript.rhino.jstype.JSType)",
		"dereferenceBase":"type.toObjectType()",
		"dereferencePart":"type.toObjectType().getReferenceName()",
		"javaFile":"\\Experiments\\.\\BugSwarmProjects\\closure-2\\src\\com\\google\\javascript\\rhino\\jstype\\JSTypeRegistry.java",
		"lineNo":672,
		"nullValue":"{declaringClass='JSType', lineNo=876, type=FROM_ASSIGN,traces=[RETURN_FROM_JSTypeRegistry_672]}",
		"projectName":"closure-2",
		"right":null,
		"riskLevel":"HIGH"
	},
	{
		"declaringClass":"okhttp3.slack.SlackApi",
		"declaringMethod":"okhttp3.slack.SlackApi.rtmStart(java.lang.String)",
		"dereferenceBase":"response.body()",
		"dereferencePart":"response.body().source()",
		"javaFile":"\\Experiments\\.\\BugSwarmProjects\\okhttp-528014967\\samples\\slack\\src\\main\\java\\okhttp3\\slack\\SlackApi.java",
		"lineNo":104,
		"nullValue":"{declaringClass='Response', lineNo=-1, type=FROM_ANNOTATION,traces=none}",
		"projectName":"okhttp-528014967",
		"right":null,
		"riskLevel":"LOW"
	},
	{
		"declaringClass":"de.charite.compbio.jannovar.vardbs.dbsnp.DBSNPInfoFactory",
		"declaringMethod":"de.charite.compbio.jannovar.vardbs.dbsnp.DBSNPInfoFactory.build(htsjdk.variant.vcf.VCFHeader)",
		"dereferenceBase":"vcfHeader.getMetaDataLine(\"reference\")",
		"dereferencePart":"vcfHeader.getMetaDataLine(\"reference\").getValue()",
		"javaFile":"\\Experiments\\.\\BugSwarmProjects\\jannovar-146105695\\jannovar-vardbs\\src\\main\\java\\de\\charite\\compbio\\jannovar\\vardbs\\dbsnp\\DBSNPInfoFactory.java",
		"lineNo":16,
		"nullValue":"{declaringClass='VCFHeader', lineNo=422, type=FROM_RETURN,traces=[RETURN_FROM_DBSNPInfoFactory_16]}",
		"projectName":"jannovar-146105695",
		"right":null,
		"riskLevel":"MIDDLE"
	},
	{
		"declaringClass":"net.md_5.bungee.protocol.DefinedPacket",
		"declaringMethod":"net.md_5.bungee.protocol.DefinedPacket.writeString(java.lang.String,io.netty.buffer.ByteBuf)",
		"dereferenceBase":"s",
		"dereferencePart":"s.length()",
		"javaFile":"\\Experiments\\.\\BugSwarmProjects\\BungeeCord-130330788\\protocol\\src\\main\\java\\net\\md_5\\bungee\\protocol\\DefinedPacket.java",
		"lineNo":17,
		"nullValue":"{declaringClass='PlayerListItem', lineNo=104, type=FROM_NULL_CHECK,traces=[RETURN_FROM_PlayerListItem_107, PASS_AT_PlayerListItem_107]}",
		"projectName":"BungeeCord-130330788",
		"right":null,
		"riskLevel":"LOW"
	},
	{
		"declaringClass":"edu.harvard.iq.dataverse.Dataverse",
		"declaringMethod":"edu.harvard.iq.dataverse.Dataverse.getTemplateRootDataverseName()",
		"dereferenceBase":"testDV",
		"dereferencePart":"testDV.getOwner()",
		"javaFile":"\\Experiments\\.\\BugSwarmProjects\\dataverse-402758963\\src\\main\\java\\edu\\harvard\\iq\\dataverse\\Dataverse.java",
		"lineNo":477,
		"nullValue":"{declaringClass='DvObjectContainer', lineNo=19, type=FROM_ASSIGN,traces=[RETURN_FROM_Dataverse_482]}",
		"projectName":"dataverse-402758963",
		"right":null,
		"riskLevel":"HIGH"
	},
	{
		"declaringClass":"org.nutz.el.opt.arithmetic.DivOpt",
		"declaringMethod":"org.nutz.el.opt.arithmetic.DivOpt.calculate()",
		"dereferenceBase":"rval",
		"dereferencePart":"rval.floatValue()",
		"javaFile":"\\Experiments\\.\\BugSwarmProjects\\nutz-90868641\\src\\org\\nutz\\el\\opt\\arithmetic\\DivOpt.java",
		"lineNo":23,
		"nullValue":"{declaringClass='AbstractOpt', lineNo=34, type=FROM_RETURN,traces=[RETURN_FROM_DivOpt_18]}",
		"projectName":"nutz-90868641",
		"right":null,
		"riskLevel":"MIDDLE"
	},
	{
		"declaringClass":"org.traccar.reports.ReportUtils",
		"declaringMethod":"org.traccar.reports.ReportUtils.detectTripsAndStops(org.traccar.reports.model.TripsConfig,boolean,double,java.util.Collection,boolean)",
		"dereferenceBase":"positions.get(previousEndParkingIndex).getFixTime()",
		"dereferencePart":"positions.get(previousEndParkingIndex).getFixTime().getTime()",
		"javaFile":"\\Experiments\\.\\BugSwarmProjects\\traccar-255051211\\src\\org\\traccar\\reports\\ReportUtils.java",
		"lineNo":299,
		"nullValue":"{declaringClass='Position', lineNo=180, type=FROM_RETURN,traces=[RETURN_FROM_ReportUtils_299]}",
		"projectName":"traccar-255051211",
		"right":null,
		"riskLevel":"MIDDLE"
	},
	{
		"declaringClass":"org.nutz.el.opt.arithmetic.SubOpt",
		"declaringMethod":"org.nutz.el.opt.arithmetic.SubOpt.calculate()",
		"dereferenceBase":"rval",
		"dereferencePart":"rval.intValue()",
		"javaFile":"\\Experiments\\.\\BugSwarmProjects\\nutz-90868641\\src\\org\\nutz\\el\\opt\\arithmetic\\SubOpt.java",
		"lineNo":30,
		"nullValue":"{declaringClass='AbstractOpt', lineNo=34, type=FROM_RETURN,traces=[RETURN_FROM_SubOpt_20]}",
		"projectName":"nutz-90868641",
		"right":null,
		"riskLevel":"MIDDLE"
	},
	{
		"declaringClass":"com.yahoo.ycsb.DBWrapper",
		"declaringMethod":"com.yahoo.ycsb.DBWrapper.measure(java.lang.String,com.yahoo.ycsb.Status,long,long,long)",
		"dereferenceBase":"result",
		"dereferencePart":"result.getName()",
		"javaFile":"\\Experiments\\.\\BugSwarmProjects\\YCSB-334968079\\core\\src\\main\\java\\com\\yahoo\\ycsb\\DBWrapper.java",
		"lineNo":172,
		"nullValue":"{declaringClass='DBWrapper', lineNo=170, type=FROM_NULL_CHECK,traces=none}",
		"projectName":"YCSB-334968079",
		"right":null,
		"riskLevel":"LOW"
	},
	{
		"declaringClass":"org.jfree.chart.plot.XYPlot",
		"declaringMethod":"org.jfree.chart.plot.XYPlot.draw(java.awt.Graphics2D,java.awt.geom.Rectangle2D,java.awt.geom.Point2D,org.jfree.chart.plot.PlotState,org.jfree.chart.plot.PlotRenderingInfo)",
		"dereferenceBase":"rangeAxis",
		"dereferencePart":"rangeAxis.java2DToValue(anchor.getY(),dataArea,paint)",
		"javaFile":"\\Experiments\\.\\BugSwarmProjects\\chart-14\\source\\org\\jfree\\chart\\plot\\XYPlot.java",
		"lineNo":2975,
		"nullValue":"{declaringClass='XYPlot', lineNo=1056, type=FROM_ASSIGN,traces=[RETURN_FROM_XYPlot_2970]}",
		"projectName":"chart-14",
		"right":null,
		"riskLevel":"HIGH"
	},
	{
		"declaringClass":"org.languagetool.rules.uk.TokenAgreementAdjNounExceptionHelper",
		"declaringMethod":"org.languagetool.rules.uk.TokenAgreementAdjNounExceptionHelper.isException(org.languagetool.AnalyzedTokenReadings[],int,java.util.List,java.util.List,java.util.List,java.util.List)",
		"dereferenceBase":"tokens[i].getAnalyzedToken(0).getLemma()",
		"dereferencePart":"tokens[i].getAnalyzedToken(0).getLemma().split()",
		"javaFile":"\\Experiments\\.\\BugSwarmProjects\\languagetool-393031702\\languagetool-language-modules\\uk\\src\\main\\java\\org\\languagetool\\rules\\uk\\TokenAgreementAdjNounExceptionHelper.java",
		"lineNo":509,
		"nullValue":"{declaringClass='AnalyzedToken', lineNo=-1, type=FROM_ANNOTATION,traces=none}",
		"projectName":"languagetool-393031702",
		"right":null,
		"riskLevel":"LOW"
	},
	{
		"declaringClass":"de.charite.compbio.jannovar.pedigree.compatibilitychecker.ar.VariantContextCompatibilityCheckerAutosomalRecessiveCompoundHet",
		"declaringMethod":"de.charite.compbio.jannovar.pedigree.compatibilitychecker.ar.VariantContextCompatibilityCheckerAutosomalRecessiveCompoundHet.isCompatibleWithTriosAndMaternalPaternalInheritanceAroundAffected(de.charite.compbio.jannovar.pedigree.Person,de.charite.compbio.jannovar.pedigree.InheritanceVariantContext,de.charite.compbio.jannovar.pedigree.InheritanceVariantContext)",
		"dereferenceBase":"paternal",
		"dereferencePart":"paternal.getGenotype()",
		"javaFile":"\\Experiments\\.\\BugSwarmProjects\\jannovar-146105695\\jannovar-inheritance-checker\\src\\main\\java\\de\\charite\\compbio\\jannovar\\pedigree\\compatibilitychecker\\ar\\VariantContextCompatibilityCheckerAutosomalRecessiveCompoundHet.java",
		"lineNo":238,
		"nullValue":"{declaringClass='VariantContextCompatibilityCheckerAutosomalRecessiveCompoundHet', lineNo=206, type=FROM_NULL_CHECK,traces=none}",
		"projectName":"jannovar-146105695",
		"right":null,
		"riskLevel":"LOW"
	},
	{
		"declaringClass":"de.charite.compbio.jannovar.vardbs.gnomad.GnomadRecord",
		"declaringMethod":"de.charite.compbio.jannovar.vardbs.gnomad.GnomadRecord.popWithHighestAlleleFreq(int)",
		"dereferenceBase":"this.alleleFrequencies.get(pop)",
		"dereferencePart":"this.alleleFrequencies.get(pop).get()",
		"javaFile":"\\Experiments\\.\\BugSwarmProjects\\jannovar-249719464\\jannovar-vardbs\\src\\main\\java\\de\\charite\\compbio\\jannovar\\vardbs\\gnomad\\GnomadRecord.java",
		"lineNo":211,
		"nullValue":"{declaringClass='ImmutableSortedMap', lineNo=530, type=FROM_ASSIGN,traces=[RETURN_FROM_GnomadRecord_211]}",
		"projectName":"jannovar-249719464",
		"right":null,
		"riskLevel":"HIGH"
	},
	{
		"declaringClass":"de.charite.compbio.jannovar.mendel.impl.MendelianCheckerARCompoundHet",
		"declaringMethod":"de.charite.compbio.jannovar.mendel.impl.MendelianCheckerARCompoundHet.isCompatibleWithTriosAndMaternalPaternalInheritanceAroundAffected(de.charite.compbio.jannovar.pedigree.Person,de.charite.compbio.jannovar.mendel.GenotypeCalls,de.charite.compbio.jannovar.mendel.GenotypeCalls)",
		"dereferenceBase":"paternal",
		"dereferencePart":"paternal.getGenotypeForSample()",
		"javaFile":"\\Experiments\\.\\BugSwarmProjects\\jannovar-146105695\\jannovar-core\\src\\main\\java\\de\\charite\\compbio\\jannovar\\mendel\\impl\\MendelianCheckerARCompoundHet.java",
		"lineNo":241,
		"nullValue":"{declaringClass='MendelianCheckerARCompoundHet', lineNo=212, type=FROM_NULL_CHECK,traces=none}",
		"projectName":"jannovar-146105695",
		"right":null,
		"riskLevel":"LOW"
	},
	{
		"declaringClass":"org.jfree.data.jdbc.JDBCXYDataset",
		"declaringMethod":"org.jfree.data.jdbc.JDBCXYDataset.executeQuery(java.sql.Connection,java.lang.String)",
		"dereferenceBase":"this.rows",
		"dereferencePart":"this.rows.add()",
		"javaFile":"\\Experiments\\.\\BugSwarmProjects\\chart-16\\source\\org\\jfree\\data\\jdbc\\JDBCXYDataset.java",
		"lineNo":352,
		"nullValue":"{declaringClass='JDBCXYDataset', lineNo=301, type=FROM_NULL_CHECK,traces=none}",
		"projectName":"chart-16",
		"right":null,
		"riskLevel":"LOW"
	},
	{
		"declaringClass":"de.charite.compbio.jannovar.pedigree.compatibilitychecker.ar.VariantContextCompatibilityCheckerAutosomalRecessiveCompoundHet",
		"declaringMethod":"de.charite.compbio.jannovar.pedigree.compatibilitychecker.ar.VariantContextCompatibilityCheckerAutosomalRecessiveCompoundHet.isCompatibleWithTriosAndMaternalPaternalInheritanceAroundAffected(de.charite.compbio.jannovar.pedigree.Person,de.charite.compbio.jannovar.pedigree.InheritanceVariantContext,de.charite.compbio.jannovar.pedigree.InheritanceVariantContext)",
		"dereferenceBase":"maternal",
		"dereferencePart":"maternal.getGenotype()",
		"javaFile":"\\Experiments\\.\\BugSwarmProjects\\jannovar-146105695\\jannovar-inheritance-checker\\src\\main\\java\\de\\charite\\compbio\\jannovar\\pedigree\\compatibilitychecker\\ar\\VariantContextCompatibilityCheckerAutosomalRecessiveCompoundHet.java",
		"lineNo":239,
		"nullValue":"{declaringClass='VariantContextCompatibilityCheckerAutosomalRecessiveCompoundHet', lineNo=211, type=FROM_NULL_CHECK,traces=none}",
		"projectName":"jannovar-146105695",
		"right":null,
		"riskLevel":"LOW"
	},
	{
		"declaringClass":"com.fasterxml.jackson.databind.ser.std.BeanSerializerBase",
		"declaringMethod":"com.fasterxml.jackson.databind.ser.std.BeanSerializerBase.<init>(com.fasterxml.jackson.databind.ser.std.BeanSerializerBase,java.util.Set)",
		"dereferenceBase":"fpropsOut",
		"dereferencePart":"fpropsOut.add()",
		"javaFile":"\\Experiments\\.\\BugSwarmProjects\\JacksonDatabind-80\\src\\main\\java\\com\\fasterxml\\jackson\\databind\\ser\\std\\BeanSerializerBase.java",
		"lineNo":196,
		"nullValue":"{declaringClass='BeanSerializerBase', lineNo=186, type=FROM_ASSIGN,traces=none}",
		"projectName":"JacksonDatabind-80",
		"right":null,
		"riskLevel":"HIGH"
	},
	{
		"declaringClass":"com.fasterxml.jackson.databind.ObjectReader",
		"declaringMethod":"com.fasterxml.jackson.databind.ObjectReader._bindAndReadValues(com.fasterxml.jackson.core.JsonParser)",
		"dereferenceBase":"p",
		"dereferencePart":"p.nextToken()",
		"javaFile":"\\Experiments\\.\\BugSwarmProjects\\JacksonDatabind-36\\src\\main\\java\\com\\fasterxml\\jackson\\databind\\ObjectReader.java",
		"lineNo":1595,
		"nullValue":"{declaringClass='DataFormatReaders$Match', lineNo=364, type=FROM_RETURN,traces=[RETURN_FROM_ObjectReader_1678, PASS_AT_ObjectReader_1685]}",
		"projectName":"JacksonDatabind-36",
		"right":null,
		"riskLevel":"MIDDLE"
	},
	{
		"declaringClass":"com.google.javascript.rhino.Node",
		"declaringMethod":"com.google.javascript.rhino.Node.<init>(int,com.google.javascript.rhino.Node,com.google.javascript.rhino.Node)",
		"dereferenceBase":"right",
		"dereferencePart":"right.parent",
		"javaFile":"\\Experiments\\.\\BugSwarmProjects\\closure-2\\src\\com\\google\\javascript\\rhino\\Node.java",
		"lineNo":377,
		"nullValue":"{declaringClass='DeadAssignmentsElimination', lineNo=188, type=FROM_NULL_CHECK,traces=[PASS_AT_DeadAssignmentsElimination_245]}",
		"projectName":"closure-2",
		"right":null,
		"riskLevel":"LOW"
	}
]
