[
	{
		"declaringClass":"org.jfree.chart.plot.CategoryPlot",
		"declaringMethod":"org.jfree.chart.plot.CategoryPlot.handleClick(int,int,org.jfree.chart.plot.PlotRenderingInfo)",
		"dereferenceBase":"this.getRangeAxis()",
		"dereferencePart":"this.getRangeAxis().java2DToValue(java2D,info.getDataArea(),edge)",
		"javaFile":"\\Experiments\\.\\BugSwarmProjects\\chart-14\\source\\org\\jfree\\chart\\plot\\CategoryPlot.java",
		"lineNo":1815,
		"nullValue":"{declaringClass='CategoryPlot', lineNo=894, type=FROM_ASSIGN,traces=[RETURN_FROM_CategoryPlot_883, RETURN_FROM_CategoryPlot_1815]}",
		"projectName":"chart-14",
		"right":true,
		"riskLevel":"HIGH"
	},
	{
		"declaringClass":"org.jfree.chart.plot.XYPlot",
		"declaringMethod":"org.jfree.chart.plot.XYPlot.drawRangeTickBands(java.awt.Graphics2D,java.awt.geom.Rectangle2D,java.util.List)",
		"dereferenceBase":"this.getRenderer()",
		"dereferencePart":"this.getRenderer().fillRangeGridBand(g2,this,axis,dataArea,previous,axis.getUpperBound())",
		"javaFile":"\\Experiments\\.\\BugSwarmProjects\\chart-14\\source\\org\\jfree\\chart\\plot\\XYPlot.java",
		"lineNo":3195,
		"nullValue":"{declaringClass='XYPlot', lineNo=1397, type=FROM_ASSIGN,traces=[RETURN_FROM_XYPlot_1384, RETURN_FROM_XYPlot_3195]}",
		"projectName":"chart-14",
		"right":false,
		"riskLevel":"HIGH"
	},
	{
		"declaringClass":"org.jfree.chart.util.RectangleAnchor",
		"declaringMethod":"org.jfree.chart.util.RectangleAnchor.coordinates(java.awt.geom.Rectangle2D,org.jfree.chart.util.RectangleAnchor)",
		"dereferenceBase":"rectangle",
		"dereferencePart":"rectangle.getMinX()",
		"javaFile":"\\Experiments\\.\\BugSwarmProjects\\chart-14\\source\\org\\jfree\\chart\\util\\RectangleAnchor.java",
		"lineNo":180,
		"nullValue":"{declaringClass='AbstractCategoryItemRenderer', lineNo=1181, type=FROM_ASSIGN,traces=[PASS_AT_AbstractCategoryItemRenderer_1190]}",
		"projectName":"chart-14",
		"right":false,
		"riskLevel":"HIGH"
	},
	{
		"declaringClass":"com.fasterxml.jackson.databind.deser.std.StringCollectionDeserializer",
		"declaringMethod":"com.fasterxml.jackson.databind.deser.std.StringCollectionDeserializer.deserialize(com.fasterxml.jackson.core.JsonParser,com.fasterxml.jackson.databind.DeserializationContext,java.util.Collection)",
		"dereferenceBase":"result",
		"dereferencePart":"result.add()",
		"javaFile":"\\Experiments\\.\\BugSwarmProjects\\JacksonDatabind-80\\src\\main\\java\\com\\fasterxml\\jackson\\databind\\deser\\std\\StringCollectionDeserializer.java",
		"lineNo":190,
		"nullValue":"{declaringClass='DeserializationContext', lineNo=989, type=FROM_NULL_CHECK,traces=[RETURN_FROM_ValueInstantiator_188, RETURN_FROM_StringCollectionDeserializer_168, PASS_AT_StringCollectionDeserializer_169]}",
		"projectName":"JacksonDatabind-80",
		"right":true,
		"riskLevel":"LOW"
	},
	{
		"declaringClass":"org.jfree.chart.util.RectangleAnchor",
		"declaringMethod":"org.jfree.chart.util.RectangleAnchor.coordinates(java.awt.geom.Rectangle2D,org.jfree.chart.util.RectangleAnchor)",
		"dereferenceBase":"rectangle",
		"dereferencePart":"rectangle.getMinX()",
		"javaFile":"\\Experiments\\.\\BugSwarmProjects\\chart-4\\source\\org\\jfree\\chart\\util\\RectangleAnchor.java",
		"lineNo":186,
		"nullValue":"{declaringClass='AbstractCategoryItemRenderer', lineNo=1336, type=FROM_ASSIGN,traces=[PASS_AT_AbstractCategoryItemRenderer_1345]}",
		"projectName":"chart-4",
		"right":false,
		"riskLevel":"HIGH"
	},
	{
		"declaringClass":"org.jsoup.safety.Cleaner",
		"declaringMethod":"org.jsoup.safety.Cleaner.isValid(org.jsoup.nodes.Document)",
		"dereferenceBase":"dirtyDocument.head()",
		"dereferencePart":"dirtyDocument.head().childNodes()",
		"javaFile":"\\Experiments\\.\\BugSwarmProjects\\Jsoup-89\\src\\main\\java\\org\\jsoup\\safety\\Cleaner.java",
		"lineNo":80,
		"nullValue":"{declaringClass='Document', lineNo=193, type=FROM_RETURN,traces=[RETURN_FROM_Document_68, RETURN_FROM_Cleaner_80]}",
		"projectName":"Jsoup-89",
		"right":false,
		"riskLevel":"MIDDLE"
	},
	{
		"declaringClass":"com.google.javascript.jscomp.FunctionArgumentInjector",
		"declaringMethod":"com.google.javascript.jscomp.FunctionArgumentInjector.inject(com.google.javascript.jscomp.AbstractCompiler,com.google.javascript.rhino.Node,com.google.javascript.rhino.Node,java.util.Map,boolean)",
		"dereferenceBase":"parent",
		"dereferencePart":"parent.isFunction()",
		"javaFile":"\\Experiments\\.\\BugSwarmProjects\\closure-2\\src\\com\\google\\javascript\\jscomp\\FunctionArgumentInjector.java",
		"lineNo":67,
		"nullValue":"{declaringClass='FunctionInjector', lineNo=280, type=FROM_ASSIGN,traces=[PASS_AT_FunctionInjector_280, PASS_AT_FunctionArgumentInjector_58]}",
		"projectName":"closure-2",
		"right":true,
		"riskLevel":"HIGH"
	},
	{
		"declaringClass":"org.languagetool.rules.patterns.XMLRuleHandler",
		"declaringMethod":"org.languagetool.rules.patterns.XMLRuleHandler.processElement(java.util.List)",
		"dereferenceBase":"pToken.getString()",
		"dereferencePart":"pToken.getString().replace(new java.lang.StringBuilder.append(\"\\\\\").append(tokRef).toString(),new java.lang.StringBuilder.append(\"\\\\\").append(tokRef + counter - 1).toString())",
		"javaFile":"\\Experiments\\.\\BugSwarmProjects\\languagetool-393031702\\languagetool-core\\src\\main\\java\\org\\languagetool\\rules\\patterns\\XMLRuleHandler.java",
		"lineNo":335,
		"nullValue":"{declaringClass='PatternToken', lineNo=-1, type=FROM_ANNOTATION,traces=none}",
		"projectName":"languagetool-393031702",
		"right":true,
		"riskLevel":"LOW"
	},
	{
		"declaringClass":"com.google.javascript.jscomp.RemoveUnusedClassProperties",
		"declaringMethod":"com.google.javascript.jscomp.RemoveUnusedClassProperties.shouldTraverse(com.google.javascript.jscomp.NodeTraversal,com.google.javascript.rhino.Node,com.google.javascript.rhino.Node)",
		"dereferenceBase":"n.getStaticSourceFile()",
		"dereferencePart":"n.getStaticSourceFile().isExtern()",
		"javaFile":"\\Experiments\\.\\BugSwarmProjects\\closure-2\\src\\com\\google\\javascript\\jscomp\\RemoveUnusedClassProperties.java",
		"lineNo":81,
		"nullValue":"{declaringClass='Node', lineNo=803, type=FROM_RETURN,traces=[RETURN_FROM_Node_1091, RETURN_FROM_RemoveUnusedClassProperties_81]}",
		"projectName":"closure-2",
		"right":true,
		"riskLevel":"MIDDLE"
	},
	{
		"declaringClass":"org.apache.commons.math3.optim.nonlinear.scalar.noderiv.CMAESOptimizer",
		"declaringMethod":"org.apache.commons.math3.optim.nonlinear.scalar.noderiv.CMAESOptimizer.copyColumn(org.apache.commons.math3.linear.RealMatrix,int,org.apache.commons.math3.linear.RealMatrix,int)",
		"dereferenceBase":"m1",
		"dereferencePart":"m1.getRowDimension()",
		"javaFile":"\\Experiments\\.\\BugSwarmProjects\\math-4\\src\\main\\java\\org\\apache\\commons\\math3\\optim\\nonlinear\\scalar\\noderiv\\CMAESOptimizer.java",
		"lineNo":1124,
		"nullValue":"{declaringClass='CMAESOptimizer', lineNo=396, type=FROM_ASSIGN,traces=[PASS_AT_CMAESOptimizer_412]}",
		"projectName":"math-4",
		"right":true,
		"riskLevel":"HIGH"
	},
	{
		"declaringClass":"edu.harvard.iq.dataverse.dataaccess.FileAccessIO",
		"declaringMethod":"edu.harvard.iq.dataverse.dataaccess.FileAccessIO.open(edu.harvard.iq.dataverse.dataaccess.DataAccessOption[])",
		"dereferenceBase":"dataFile.getDataTable()",
		"dereferencePart":"dataFile.getDataTable().getDataVariables()",
		"javaFile":"\\Experiments\\.\\BugSwarmProjects\\dataverse-402758963\\src\\main\\java\\edu\\harvard\\iq\\dataverse\\dataaccess\\FileAccessIO.java",
		"lineNo":113,
		"nullValue":"{declaringClass='DataFile', lineNo=265, type=FROM_RETURN,traces=[RETURN_FROM_FileAccessIO_113]}",
		"projectName":"dataverse-402758963",
		"right":false,
		"riskLevel":"MIDDLE"
	},
	{
		"declaringClass":"edu.harvard.iq.dataverse.api.HarvestingClients",
		"declaringMethod":"edu.harvard.iq.dataverse.api.HarvestingClients.harvestingConfigAsJson(edu.harvard.iq.dataverse.harvest.client.HarvestingClient)",
		"dereferenceBase":"harvestingConfig.getLastNonEmptyHarvestTime()",
		"dereferencePart":"harvestingConfig.getLastNonEmptyHarvestTime().toString()",
		"javaFile":"\\Experiments\\.\\BugSwarmProjects\\dataverse-402758963\\src\\main\\java\\edu\\harvard\\iq\\dataverse\\api\\HarvestingClients.java",
		"lineNo":309,
		"nullValue":"{declaringClass='HarvestingClient', lineNo=321, type=FROM_RETURN,traces=[RETURN_FROM_HarvestingClients_309]}",
		"projectName":"dataverse-402758963",
		"right":false,
		"riskLevel":"MIDDLE"
	},
	{
		"declaringClass":"edu.harvard.iq.dataverse.ManageFilePermissionsPage",
		"declaringMethod":"edu.harvard.iq.dataverse.ManageFilePermissionsPage.revokeRole(java.lang.Long)",
		"dereferenceBase":"this.roleAssigneeService.getRoleAssignee(ra.getAssigneeIdentifier())",
		"dereferencePart":"this.roleAssigneeService.getRoleAssignee(ra.getAssigneeIdentifier()).getDisplayInfo()",
		"javaFile":"\\Experiments\\.\\BugSwarmProjects\\dataverse-402758963\\src\\main\\java\\edu\\harvard\\iq\\dataverse\\ManageFilePermissionsPage.java",
		"lineNo":258,
		"nullValue":"{declaringClass='GroupServiceBean', lineNo=69, type=FROM_RETURN,traces=[RETURN_FROM_RoleAssigneeServiceBean_87, RETURN_FROM_ManageFilePermissionsPage_258]}",
		"projectName":"dataverse-402758963",
		"right":true,
		"riskLevel":"MIDDLE"
	},
	{
		"declaringClass":"de.is24.deadcode4j.IntermediateResults$IntermediateResultSet",
		"declaringMethod":"de.is24.deadcode4j.IntermediateResults$IntermediateResultSet.getResults(de.is24.deadcode4j.IntermediateResult)",
		"dereferenceBase":"class \"Lde/is24/deadcode4j/IntermediateResults$IntermediateResultSet;\".cast(result)",
		"dereferencePart":"class \"Lde/is24/deadcode4j/IntermediateResults$IntermediateResultSet;\".cast(result).getResults()",
		"javaFile":"\\Experiments\\.\\BugSwarmProjects\\deadcode4j-131735009\\src\\main\\java\\de\\is24\\deadcode4j\\IntermediateResults.java",
		"lineNo":206,
		"nullValue":"{declaringClass='Class', lineNo=3368, type=FROM_NULL_CHECK,traces=[RETURN_FROM_IntermediateResults$IntermediateResultSet_206]}",
		"projectName":"deadcode4j-131735009",
		"right":false,
		"riskLevel":"LOW"
	},
	{
		"declaringClass":"org.jfree.chart.plot.XYPlot",
		"declaringMethod":"org.jfree.chart.plot.XYPlot.draw(java.awt.Graphics2D,java.awt.geom.Rectangle2D,java.awt.geom.Point2D,org.jfree.chart.plot.PlotState,org.jfree.chart.plot.PlotRenderingInfo)",
		"dereferenceBase":"i#166",
		"dereferencePart":"i#166.java2DToValue(anchor.getY(),dataArea,r#173)",
		"javaFile":"\\Experiments\\.\\BugSwarmProjects\\chart-14\\source\\org\\jfree\\chart\\plot\\XYPlot.java",
		"lineNo":2956,
		"nullValue":"{declaringClass='XYPlot', lineNo=692, type=FROM_ASSIGN,traces=[RETURN_FROM_XYPlot_700, RETURN_FROM_XYPlot_2948]}",
		"projectName":"chart-14",
		"right":true,
		"riskLevel":"HIGH"
	},
	{
		"declaringClass":"org.nutz.repo.org.objectweb.asm.Frame",
		"declaringMethod":"org.nutz.repo.org.objectweb.asm.Frame.execute(int,int,org.nutz.repo.org.objectweb.asm.ClassWriter,org.nutz.repo.org.objectweb.asm.Item)",
		"dereferenceBase":"item",
		"dereferencePart":"item.strVal1",
		"javaFile":"\\Experiments\\.\\BugSwarmProjects\\nutz-90868641\\src\\org\\nutz\\repo\\org\\objectweb\\asm\\Frame.java",
		"lineNo":1194,
		"nullValue":"{declaringClass='MethodWriter', lineNo=1111, type=FROM_ASSIGN,traces=[PASS_AT_MethodWriter_1111]}",
		"projectName":"nutz-90868641",
		"right":false,
		"riskLevel":"HIGH"
	},
	{
		"declaringClass":"org.nutz.dao.util.Pojos",
		"declaringMethod":"org.nutz.dao.util.Pojos.getFieldsForInsert(org.nutz.dao.entity.Entity,org.nutz.dao.FieldMatcher)",
		"dereferenceBase":"en",
		"dereferencePart":"en.getMappingFields()",
		"javaFile":"\\Experiments\\.\\BugSwarmProjects\\nutz-90868641\\src\\org\\nutz\\dao\\util\\Pojos.java",
		"lineNo":192,
		"nullValue":"{declaringClass='AbstractPItem', lineNo=34, type=FROM_NULL_CHECK,traces=[RETURN_FROM_InsertFieldsPItem_12, PASS_AT_InsertFieldsPItem_12]}",
		"projectName":"nutz-90868641",
		"right":false,
		"riskLevel":"LOW"
	},
	{
		"declaringClass":"edu.harvard.iq.dataverse.Dataverse",
		"declaringMethod":"edu.harvard.iq.dataverse.Dataverse.getGuestbookRootDataverseName()",
		"dereferenceBase":"testDV",
		"dereferencePart":"testDV.getOwner()",
		"javaFile":"\\Experiments\\.\\BugSwarmProjects\\dataverse-402758963\\src\\main\\java\\edu\\harvard\\iq\\dataverse\\Dataverse.java",
		"lineNo":464,
		"nullValue":"{declaringClass='DvObjectContainer', lineNo=19, type=FROM_ASSIGN,traces=[RETURN_FROM_Dataverse_469]}",
		"projectName":"dataverse-402758963",
		"right":false,
		"riskLevel":"HIGH"
	},
	{
		"declaringClass":"org.apache.commons.lang3.mutable.MutableByte",
		"declaringMethod":"org.apache.commons.lang3.mutable.MutableByte.setValue(java.lang.Number)",
		"dereferenceBase":"value",
		"dereferencePart":"value.byteValue()",
		"javaFile":"\\Experiments\\.\\BugSwarmProjects\\lang-20\\src\\main\\java\\org\\apache\\commons\\lang3\\mutable\\MutableByte.java",
		"lineNo":104,
		"nullValue":"{declaringClass='MutableByteTest', lineNo=67, type=FROM_ASSIGN,traces=[PASS_AT_MutableByteTest_67]}",
		"projectName":"lang-20",
		"right":false,
		"riskLevel":"HIGH"
	},
	{
		"declaringClass":"com.fasterxml.jackson.databind.introspect.POJOPropertiesCollector",
		"declaringMethod":"com.fasterxml.jackson.databind.introspect.POJOPropertiesCollector._addGetterMethod(java.util.Map,com.fasterxml.jackson.databind.introspect.AnnotatedMethod,com.fasterxml.jackson.databind.AnnotationIntrospector)",
		"dereferenceBase":"ai",
		"dereferencePart":"ai.hasAnyGetter()",
		"javaFile":"\\Experiments\\.\\BugSwarmProjects\\JacksonDatabind-80\\src\\main\\java\\com\\fasterxml\\jackson\\databind\\introspect\\POJOPropertiesCollector.java",
		"lineNo":557,
		"nullValue":"{declaringClass='POJOPropertiesCollector', lineNo=535, type=FROM_NULL_CHECK,traces=[PASS_AT_POJOPropertiesCollector_531]}",
		"projectName":"JacksonDatabind-80",
		"right":true,
		"riskLevel":"LOW"
	},
	{
		"declaringClass":"com.fasterxml.jackson.databind.util.TokenBuffer$Parser",
		"declaringMethod":"com.fasterxml.jackson.databind.util.TokenBuffer$Parser.getBigIntegerValue()",
		"dereferenceBase":"n",
		"dereferencePart":"n.toBigInteger()",
		"javaFile":"\\Experiments\\.\\BugSwarmProjects\\JacksonDatabind-3\\src\\main\\java\\com\\fasterxml\\jackson\\databind\\util\\TokenBuffer.java",
		"lineNo":1333,
		"nullValue":"{declaringClass='TokenBuffer$Parser', lineNo=1415, type=FROM_RETURN,traces=[RETURN_FROM_TokenBuffer$Parser_1328]}",
		"projectName":"JacksonDatabind-3",
		"right":true,
		"riskLevel":"MIDDLE"
	},
	{
		"declaringClass":"io.atomix.primitives.tree.impl.DefaultDocumentTree",
		"declaringMethod":"io.atomix.primitives.tree.impl.DefaultDocumentTree.getNode(io.atomix.primitives.tree.DocumentPath)",
		"dereferenceBase":"path",
		"dereferencePart":"path.pathElements()",
		"javaFile":"\\Experiments\\.\\BugSwarmProjects\\atomix-298262068\\core\\src\\main\\java\\io\\atomix\\primitives\\tree\\impl\\DefaultDocumentTree.java",
		"lineNo":193,
		"nullValue":"{declaringClass='DocumentPath', lineNo=160, type=FROM_RETURN,traces=[RETURN_FROM_DefaultDocumentTree_109, PASS_AT_DefaultDocumentTree_110]}",
		"projectName":"atomix-298262068",
		"right":true,
		"riskLevel":"MIDDLE"
	},
	{
		"declaringClass":"de.charite.compbio.jannovar.mendel.impl.MendelianCheckerXD",
		"declaringMethod":"de.charite.compbio.jannovar.mendel.impl.MendelianCheckerXD.isCompatibleSingleton(de.charite.compbio.jannovar.mendel.GenotypeCalls)",
		"dereferenceBase":"gt",
		"dereferencePart":"gt.isHet()",
		"javaFile":"\\Experiments\\.\\BugSwarmProjects\\jannovar-249719464\\jannovar-core\\src\\main\\java\\de\\charite\\compbio\\jannovar\\mendel\\impl\\MendelianCheckerXD.java",
		"lineNo":61,
		"nullValue":"{declaringClass='ImmutableSortedMap', lineNo=530, type=FROM_ASSIGN,traces=[RETURN_FROM_GenotypeCalls_95, RETURN_FROM_MendelianCheckerXD_55]}",
		"projectName":"jannovar-249719464",
		"right":true,
		"riskLevel":"HIGH"
	},
	{
		"declaringClass":"com.fasterxml.jackson.databind.deser.BasicDeserializerFactory",
		"declaringMethod":"com.fasterxml.jackson.databind.deser.BasicDeserializerFactory._addDeserializerFactoryMethods(com.fasterxml.jackson.databind.DeserializationContext,com.fasterxml.jackson.databind.BeanDescription,com.fasterxml.jackson.databind.introspect.VisibilityChecker,com.fasterxml.jackson.databind.AnnotationIntrospector,com.fasterxml.jackson.databind.deser.impl.CreatorCollector,java.util.Map)",
		"dereferenceBase":"nonAnnotatedParam",
		"dereferencePart":"nonAnnotatedParam.getIndex()",
		"javaFile":"\\Experiments\\.\\BugSwarmProjects\\JacksonDatabind-107\\src\\main\\java\\com\\fasterxml\\jackson\\databind\\deser\\BasicDeserializerFactory.java",
		"lineNo":972,
		"nullValue":"{declaringClass='BasicDeserializerFactory', lineNo=902, type=FROM_ASSIGN,traces=none}",
		"projectName":"JacksonDatabind-107",
		"right":true,
		"riskLevel":"HIGH"
	},
	{
		"declaringClass":"com.google.javascript.jscomp.parsing.IRFactory$TransformDispatcher",
		"declaringMethod":"com.google.javascript.jscomp.parsing.IRFactory$TransformDispatcher.parseDirectives(com.google.javascript.rhino.Node)",
		"dereferenceBase":"node.removeFirstChild()",
		"dereferencePart":"node.removeFirstChild().getFirstChild()",
		"javaFile":"\\Experiments\\.\\BugSwarmProjects\\closure-2\\src\\com\\google\\javascript\\jscomp\\parsing\\IRFactory.java",
		"lineNo":557,
		"nullValue":"{declaringClass='Node', lineNo=1619, type=FROM_NULL_CHECK,traces=[RETURN_FROM_IRFactory$TransformDispatcher_557]}",
		"projectName":"closure-2",
		"right":false,
		"riskLevel":"LOW"
	},
	{
		"declaringClass":"com.google.javascript.jscomp.ProcessDefines$CollectDefines",
		"declaringMethod":"com.google.javascript.jscomp.ProcessDefines$CollectDefines.visit(com.google.javascript.jscomp.NodeTraversal,com.google.javascript.rhino.Node,com.google.javascript.rhino.Node)",
		"dereferenceBase":"n.getJSDocInfo()",
		"dereferencePart":"n.getJSDocInfo().isDefine()",
		"javaFile":"\\Experiments\\.\\BugSwarmProjects\\closure-2\\src\\com\\google\\javascript\\jscomp\\ProcessDefines.java",
		"lineNo":331,
		"nullValue":"{declaringClass='Node', lineNo=803, type=FROM_RETURN,traces=[RETURN_FROM_Node_1851, RETURN_FROM_ProcessDefines$CollectDefines_331]}",
		"projectName":"closure-2",
		"right":false,
		"riskLevel":"MIDDLE"
	},
	{
		"declaringClass":"org.jfree.chart.title.TextTitle",
		"declaringMethod":"org.jfree.chart.title.TextTitle.arrange(java.awt.Graphics2D,org.jfree.chart.block.RectangleConstraint)",
		"dereferenceBase":"contentSize",
		"dereferencePart":"contentSize.getWidth()",
		"javaFile":"\\Experiments\\.\\BugSwarmProjects\\chart-4\\source\\org\\jfree\\chart\\title\\TextTitle.java",
		"lineNo":520,
		"nullValue":"{declaringClass='TextTitle', lineNo=485, type=FROM_ASSIGN,traces=none}",
		"projectName":"chart-4",
		"right":false,
		"riskLevel":"HIGH"
	},
	{
		"declaringClass":"com.google.javascript.jscomp.FunctionArgumentInjector",
		"declaringMethod":"com.google.javascript.jscomp.FunctionArgumentInjector.canNameValueChange(com.google.javascript.rhino.Node,com.google.javascript.rhino.Node)",
		"dereferenceBase":"parent",
		"dereferencePart":"parent.getType()",
		"javaFile":"\\Experiments\\.\\BugSwarmProjects\\closure-2\\src\\com\\google\\javascript\\jscomp\\FunctionArgumentInjector.java",
		"lineNo":233,
		"nullValue":"{declaringClass='FunctionArgumentInjector', lineNo=172, type=FROM_ASSIGN,traces=[PASS_AT_FunctionArgumentInjector_172, PASS_AT_FunctionArgumentInjector_201]}",
		"projectName":"closure-2",
		"right":true,
		"riskLevel":"HIGH"
	},
	{
		"declaringClass":"com.fasterxml.jackson.databind.util.TokenBuffer$Parser",
		"declaringMethod":"com.fasterxml.jackson.databind.util.TokenBuffer$Parser.getDecimalValue()",
		"dereferenceBase":"this.getNumberType()",
		"dereferencePart":"this.getNumberType().ordinal()",
		"javaFile":"\\Experiments\\.\\BugSwarmProjects\\JacksonDatabind-107\\src\\main\\java\\com\\fasterxml\\jackson\\databind\\util\\TokenBuffer.java",
		"lineNo":1551,
		"nullValue":"{declaringClass='TokenBuffer$Parser', lineNo=1605, type=FROM_RETURN,traces=[RETURN_FROM_TokenBuffer$Parser_1551]}",
		"projectName":"JacksonDatabind-107",
		"right":true,
		"riskLevel":"MIDDLE"
	},
	{
		"declaringClass":"com.fasterxml.jackson.databind.ser.std.BeanSerializerBase",
		"declaringMethod":"com.fasterxml.jackson.databind.ser.std.BeanSerializerBase.acceptJsonFormatVisitor(com.fasterxml.jackson.databind.jsonFormatVisitors.JsonFormatVisitorWrapper,com.fasterxml.jackson.databind.JavaType)",
		"dereferenceBase":"filter",
		"dereferencePart":"filter.depositSchemaProperty(this._props[i],objectVisitor,provider)",
		"javaFile":"\\Experiments\\.\\BugSwarmProjects\\JacksonDatabind-93\\src\\main\\java\\com\\fasterxml\\jackson\\databind\\ser\\std\\BeanSerializerBase.java",
		"lineNo":817,
		"nullValue":"{declaringClass='FilterProvider', lineNo=54, type=FROM_RETURN,traces=[RETURN_FROM_StdSerializer_445, RETURN_FROM_BeanSerializerBase_814]}",
		"projectName":"JacksonDatabind-93",
		"right":true,
		"riskLevel":"MIDDLE"
	},
	{
		"declaringClass":"com.fasterxml.jackson.databind.jsontype.impl.AsArrayTypeDeserializer",
		"declaringMethod":"com.fasterxml.jackson.databind.jsontype.impl.AsArrayTypeDeserializer._deserialize(com.fasterxml.jackson.core.JsonParser,com.fasterxml.jackson.databind.DeserializationContext)",
		"dereferenceBase":"deser",
		"dereferencePart":"deser.deserialize($r10,ctxt)",
		"javaFile":"\\Experiments\\.\\BugSwarmProjects\\JacksonDatabind-95\\src\\main\\java\\com\\fasterxml\\jackson\\databind\\jsontype\\impl\\AsArrayTypeDeserializer.java",
		"lineNo":116,
		"nullValue":"{declaringClass='TypeDeserializerBase', lineNo=159, type=FROM_RETURN,traces=[RETURN_FROM_AsArrayTypeDeserializer_97]}",
		"projectName":"JacksonDatabind-95",
		"right":null,
		"riskLevel":"MIDDLE"
	},
	{
		"declaringClass":"com.google.javascript.jscomp.PureFunctionIdentifier$FunctionAnalyzer",
		"declaringMethod":"com.google.javascript.jscomp.PureFunctionIdentifier$FunctionAnalyzer.exitScope(com.google.javascript.jscomp.NodeTraversal)",
		"dereferenceBase":"v.getParentNode()",
		"dereferencePart":"v.getParentNode().isVar()",
		"javaFile":"\\Experiments\\.\\BugSwarmProjects\\closure-2\\src\\com\\google\\javascript\\jscomp\\PureFunctionIdentifier.java",
		"lineNo":493,
		"nullValue":"{declaringClass='Scope$Var', lineNo=170, type=FROM_ASSIGN,traces=[RETURN_FROM_PureFunctionIdentifier$FunctionAnalyzer_493]}",
		"projectName":"closure-2",
		"right":null,
		"riskLevel":"HIGH"
	},
	{
		"declaringClass":"com.google.javascript.jscomp.CheckRequiresForConstructors$CheckRequiresForConstructorsCallback",
		"declaringMethod":"com.google.javascript.jscomp.CheckRequiresForConstructors$CheckRequiresForConstructorsCallback.visit(com.google.javascript.jscomp.NodeTraversal,com.google.javascript.rhino.Node,com.google.javascript.rhino.Node)",
		"dereferenceBase":"gramps",
		"dereferencePart":"gramps.getProp()",
		"javaFile":"\\Experiments\\.\\BugSwarmProjects\\closure-2\\src\\com\\google\\javascript\\jscomp\\CheckRequiresForConstructors.java",
		"lineNo":131,
		"nullValue":"{declaringClass='CheckRequiresForConstructors$CheckRequiresForConstructorsCallback', lineNo=129, type=FROM_NULL_CHECK,traces=none}",
		"projectName":"closure-2",
		"right":null,
		"riskLevel":"LOW"
	},
	{
		"declaringClass":"com.fasterxml.jackson.databind.introspect.JacksonAnnotationIntrospector",
		"declaringMethod":"com.fasterxml.jackson.databind.introspect.JacksonAnnotationIntrospector.resolveSetterConflict(com.fasterxml.jackson.databind.cfg.MapperConfig,com.fasterxml.jackson.databind.introspect.AnnotatedMethod,com.fasterxml.jackson.databind.introspect.AnnotatedMethod)",
		"dereferenceBase":"cls1",
		"dereferencePart":"cls1.isPrimitive()",
		"javaFile":"\\Experiments\\.\\BugSwarmProjects\\JacksonDatabind-36\\src\\main\\java\\com\\fasterxml\\jackson\\databind\\introspect\\JacksonAnnotationIntrospector.java",
		"lineNo":426,
		"nullValue":"{declaringClass='AnnotatedMethod', lineNo=190, type=FROM_ASSIGN,traces=[RETURN_FROM_JacksonAnnotationIntrospector_421]}",
		"projectName":"JacksonDatabind-36",
		"right":null,
		"riskLevel":"HIGH"
	},
	{
		"declaringClass":"com.willwinder.universalgcodesender.GrblSimulator",
		"declaringMethod":"com.willwinder.universalgcodesender.GrblSimulator.runSimulation(java.util.Collection)",
		"dereferenceBase":"parserThread",
		"dereferencePart":"parserThread.isAlive()",
		"javaFile":"\\Experiments\\.\\BugSwarmProjects\\Universal-G-Code-Sender-243265926\\ugs-core\\src\\com\\willwinder\\universalgcodesender\\GrblSimulator.java",
		"lineNo":74,
		"nullValue":"{declaringClass='GrblSimulator', lineNo=44, type=FROM_ASSIGN,traces=none}",
		"projectName":"Universal-G-Code-Sender-243265926",
		"right":null,
		"riskLevel":"HIGH"
	},
	{
		"declaringClass":"com.google.javascript.jscomp.FindExportableNodes",
		"declaringMethod":"com.google.javascript.jscomp.FindExportableNodes.visit(com.google.javascript.jscomp.NodeTraversal,com.google.javascript.rhino.Node,com.google.javascript.rhino.Node)",
		"dereferenceBase":"parent",
		"dereferencePart":"parent.getParent()",
		"javaFile":"\\Experiments\\.\\BugSwarmProjects\\closure-2\\src\\com\\google\\javascript\\jscomp\\FindExportableNodes.java",
		"lineNo":79,
		"nullValue":"{declaringClass='NodeTraversal', lineNo=277, type=FROM_ASSIGN,traces=[PASS_AT_NodeTraversal_277, PASS_AT_NodeTraversal_505]}",
		"projectName":"closure-2",
		"right":null,
		"riskLevel":"HIGH"
	},
	{
		"declaringClass":"org.apache.dubbo.rpc.protocol.injvm.InjvmProtocol",
		"declaringMethod":"org.apache.dubbo.rpc.protocol.injvm.InjvmProtocol.getExporter(java.util.Map,org.apache.dubbo.common.URL)",
		"dereferenceBase":"key.getServiceKey()",
		"dereferencePart":"key.getServiceKey().contains()",
		"javaFile":"\\Experiments\\.\\BugSwarmProjects\\dubbo-416671625\\dubbo-rpc\\dubbo-rpc-injvm\\src\\main\\java\\org\\apache\\dubbo\\rpc\\protocol\\injvm\\InjvmProtocol.java",
		"lineNo":56,
		"nullValue":"{declaringClass='URL', lineNo=1361, type=FROM_RETURN,traces=[RETURN_FROM_InjvmProtocol_56]}",
		"projectName":"dubbo-416671625",
		"right":null,
		"riskLevel":"MIDDLE"
	},
	{
		"declaringClass":"com.fasterxml.jackson.databind.deser.DeserializerCache",
		"declaringMethod":"com.fasterxml.jackson.databind.deser.DeserializerCache._hasCustomHandlers(com.fasterxml.jackson.databind.JavaType)",
		"dereferenceBase":"kt",
		"dereferencePart":"kt.getValueHandler()",
		"javaFile":"\\Experiments\\.\\BugSwarmProjects\\JacksonDatabind-93\\src\\main\\java\\com\\fasterxml\\jackson\\databind\\deser\\DeserializerCache.java",
		"lineNo":548,
		"nullValue":"{declaringClass='JavaType', lineNo=357, type=FROM_RETURN,traces=[RETURN_FROM_DeserializerCache_547]}",
		"projectName":"JacksonDatabind-93",
		"right":null,
		"riskLevel":"MIDDLE"
	},
	{
		"declaringClass":"com.fasterxml.jackson.databind.node.TreeTraversingParser",
		"declaringMethod":"com.fasterxml.jackson.databind.node.TreeTraversingParser.getTextCharacters()",
		"dereferenceBase":"this.getText()",
		"dereferencePart":"this.getText().toCharArray()",
		"javaFile":"\\Experiments\\.\\BugSwarmProjects\\JacksonDatabind-3\\src\\main\\java\\com\\fasterxml\\jackson\\databind\\node\\TreeTraversingParser.java",
		"lineNo":251,
		"nullValue":"{declaringClass='TreeTraversingParser', lineNo=227, type=FROM_RETURN,traces=[RETURN_FROM_TreeTraversingParser_251]}",
		"projectName":"JacksonDatabind-3",
		"right":null,
		"riskLevel":"MIDDLE"
	},
	{
		"declaringClass":"io.atomix.cluster.messaging.impl.ClusterCommunicationManager",
		"declaringMethod":"io.atomix.cluster.messaging.impl.ClusterCommunicationManager.doUnicast(io.atomix.cluster.messaging.MessageSubject,byte[],io.atomix.cluster.NodeId)",
		"dereferenceBase":"node",
		"dereferencePart":"node.getAddress()",
		"javaFile":"\\Experiments\\.\\BugSwarmProjects\\atomix-298262068\\core\\src\\main\\java\\io\\atomix\\cluster\\messaging\\impl\\ClusterCommunicationManager.java",
		"lineNo":187,
		"nullValue":"{declaringClass='ClusterCommunicationManager', lineNo=186, type=FROM_NULL_CHECK,traces=none}",
		"projectName":"atomix-298262068",
		"right":null,
		"riskLevel":"LOW"
	},
	{
		"declaringClass":"com.google.javascript.jscomp.TypeCheck",
		"declaringMethod":"com.google.javascript.jscomp.TypeCheck.checkDeclaredPropertyInheritance(com.google.javascript.jscomp.NodeTraversal,com.google.javascript.rhino.Node,com.google.javascript.rhino.jstype.FunctionType,java.lang.String,com.google.javascript.rhino.JSDocInfo,com.google.javascript.rhino.jstype.JSType)",
		"dereferenceBase":"superClass",
		"dereferencePart":"superClass.getInstanceType()",
		"javaFile":"\\Experiments\\.\\BugSwarmProjects\\closure-2\\src\\com\\google\\javascript\\jscomp\\TypeCheck.java",
		"lineNo":1236,
		"nullValue":"{declaringClass='FunctionType', lineNo=835, type=FROM_RETURN,traces=[RETURN_FROM_TypeCheck_1159]}",
		"projectName":"closure-2",
		"right":null,
		"riskLevel":"MIDDLE"
	},
	{
		"declaringClass":"okhttp3.internal.http.RetryAndFollowUpInterceptor",
		"declaringMethod":"okhttp3.internal.http.RetryAndFollowUpInterceptor.followUpRequest(okhttp3.Response,okhttp3.Route)",
		"dereferenceBase":"userResponse.priorResponse()",
		"dereferencePart":"userResponse.priorResponse().code()",
		"javaFile":"\\Experiments\\.\\BugSwarmProjects\\okhttp-528014967\\okhttp\\src\\main\\java\\okhttp3\\internal\\http\\RetryAndFollowUpInterceptor.java",
		"lineNo":373,
		"nullValue":"{declaringClass='Response', lineNo=-1, type=FROM_ANNOTATION,traces=none}",
		"projectName":"okhttp-528014967",
		"right":null,
		"riskLevel":"LOW"
	},
	{
		"declaringClass":"org.jfree.chart.renderer.xy.CandlestickRenderer",
		"declaringMethod":"org.jfree.chart.renderer.xy.CandlestickRenderer.initialise(java.awt.Graphics2D,java.awt.geom.Rectangle2D,org.jfree.chart.plot.XYPlot,org.jfree.data.xy.XYDataset,org.jfree.chart.plot.PlotRenderingInfo)",
		"dereferenceBase":"axis",
		"dereferencePart":"axis.getLowerBound()",
		"javaFile":"\\Experiments\\.\\BugSwarmProjects\\chart-4\\source\\org\\jfree\\chart\\renderer\\xy\\CandlestickRenderer.java",
		"lineNo":603,
		"nullValue":"{declaringClass='XYPlot', lineNo=801, type=FROM_ASSIGN,traces=[RETURN_FROM_XYPlot_788, RETURN_FROM_CandlestickRenderer_602]}",
		"projectName":"chart-4",
		"right":null,
		"riskLevel":"HIGH"
	},
	{
		"declaringClass":"com.fasterxml.jackson.databind.deser.DeserializerCache",
		"declaringMethod":"com.fasterxml.jackson.databind.deser.DeserializerCache._handleUnknownValueDeserializer(com.fasterxml.jackson.databind.DeserializationContext,com.fasterxml.jackson.databind.JavaType)",
		"dereferenceBase":"type",
		"dereferencePart":"type.getRawClass()",
		"javaFile":"\\Experiments\\.\\BugSwarmProjects\\JacksonDatabind-107\\src\\main\\java\\com\\fasterxml\\jackson\\databind\\deser\\DeserializerCache.java",
		"lineNo":589,
		"nullValue":"{declaringClass='JavaType', lineNo=359, type=FROM_RETURN,traces=[RETURN_FROM_EnumMapDeserializer_178, PASS_AT_EnumMapDeserializer_180, PASS_AT_DeserializationContext_444, PASS_AT_DeserializerCache_148]}",
		"projectName":"JacksonDatabind-107",
		"right":null,
		"riskLevel":"MIDDLE"
	},
	{
		"declaringClass":"com.fasterxml.jackson.databind.deser.DataFormatReaders",
		"declaringMethod":"com.fasterxml.jackson.databind.deser.DataFormatReaders._findFormat(com.fasterxml.jackson.databind.deser.DataFormatReaders$AccessorForReader)",
		"dereferenceBase":"bestMatchStrength",
		"dereferencePart":"bestMatchStrength.ordinal()",
		"javaFile":"\\Experiments\\.\\BugSwarmProjects\\JacksonDatabind-36\\src\\main\\java\\com\\fasterxml\\jackson\\databind\\deser\\DataFormatReaders.java",
		"lineNo":228,
		"nullValue":"{declaringClass='DataFormatReaders', lineNo=218, type=FROM_ASSIGN,traces=none}",
		"projectName":"JacksonDatabind-36",
		"right":null,
		"riskLevel":"HIGH"
	},
	{
		"declaringClass":"com.fasterxml.jackson.databind.deser.BeanDeserializerFactory",
		"declaringMethod":"com.fasterxml.jackson.databind.deser.BeanDeserializerFactory.constructAnySetter(com.fasterxml.jackson.databind.DeserializationContext,com.fasterxml.jackson.databind.BeanDescription,com.fasterxml.jackson.databind.introspect.AnnotatedMember)",
		"dereferenceBase":"keyType",
		"dereferencePart":"keyType.getValueHandler()",
		"javaFile":"\\Experiments\\.\\BugSwarmProjects\\JacksonDatabind-107\\src\\main\\java\\com\\fasterxml\\jackson\\databind\\deser\\BeanDeserializerFactory.java",
		"lineNo":750,
		"nullValue":"{declaringClass='AnnotatedMethod', lineNo=147, type=FROM_RETURN,traces=[RETURN_FROM_BeanDeserializerFactory_726]}",
		"projectName":"JacksonDatabind-107",
		"right":null,
		"riskLevel":"MIDDLE"
	},
	{
		"declaringClass":"com.google.javascript.jscomp.CheckRegExp",
		"declaringMethod":"com.google.javascript.jscomp.CheckRegExp.visit(com.google.javascript.jscomp.NodeTraversal,com.google.javascript.rhino.Node,com.google.javascript.rhino.Node)",
		"dereferenceBase":"t.getScope()",
		"dereferencePart":"t.getScope().getVar()",
		"javaFile":"\\Experiments\\.\\BugSwarmProjects\\closure-2\\src\\com\\google\\javascript\\jscomp\\CheckRegExp.java",
		"lineNo":60,
		"nullValue":"{declaringClass='NodeTraversal', lineNo=597, type=FROM_ASSIGN,traces=[RETURN_FROM_CheckRegExp_60]}",
		"projectName":"closure-2",
		"right":null,
		"riskLevel":"HIGH"
	},
	{
		"declaringClass":"org.languagetool.rules.patterns.PatternTestTools",
		"declaringMethod":"org.languagetool.rules.patterns.PatternTestTools.failIfWhitespaceInToken(java.util.List,org.languagetool.rules.patterns.AbstractPatternRule,org.languagetool.Language)",
		"dereferenceBase":"token.getString()",
		"dereferencePart":"token.getString().matches()",
		"javaFile":"\\Experiments\\.\\BugSwarmProjects\\languagetool-393031702\\languagetool-core\\src\\test\\java\\org\\languagetool\\rules\\patterns\\PatternTestTools.java",
		"lineNo":66,
		"nullValue":"{declaringClass='PatternToken', lineNo=-1, type=FROM_ANNOTATION,traces=none}",
		"projectName":"languagetool-393031702",
		"right":null,
		"riskLevel":"LOW"
	},
	{
		"declaringClass":"org.apache.dubbo.rpc.cluster.support.MergeableClusterInvoker",
		"declaringMethod":"org.apache.dubbo.rpc.cluster.support.MergeableClusterInvoker.doInvoke(org.apache.dubbo.rpc.Invocation,java.util.List,org.apache.dubbo.rpc.cluster.LoadBalance)",
		"dereferenceBase":"entry#34.getBeanFactory().getBean(class \"Lorg/apache/dubbo/rpc/cluster/merger/MergerFactory;\")",
		"dereferencePart":"entry#34.getBeanFactory().getBean(class \"Lorg/apache/dubbo/rpc/cluster/merger/MergerFactory;\").getMerger()",
		"javaFile":"\\Experiments\\.\\BugSwarmProjects\\dubbo-416671625\\dubbo-cluster\\src\\main\\java\\org\\apache\\dubbo\\rpc\\cluster\\support\\MergeableClusterInvoker.java",
		"lineNo":156,
		"nullValue":"{declaringClass='ScopeBeanFactory', lineNo=193, type=FROM_NULL_CHECK,traces=[RETURN_FROM_ScopeBeanFactory_188, RETURN_FROM_MergeableClusterInvoker_156]}",
		"projectName":"dubbo-416671625",
		"right":null,
		"riskLevel":"LOW"
	},
	{
		"declaringClass":"edu.harvard.iq.dataverse.DatasetPage",
		"declaringMethod":"edu.harvard.iq.dataverse.DatasetPage.updateLinkableDataverses()",
		"dereferenceBase":"testDV",
		"dereferencePart":"testDV.getOwner()",
		"javaFile":"\\Experiments\\.\\BugSwarmProjects\\dataverse-402758963\\src\\main\\java\\edu\\harvard\\iq\\dataverse\\DatasetPage.java",
		"lineNo":757,
		"nullValue":"{declaringClass='DvObjectContainer', lineNo=19, type=FROM_ASSIGN,traces=[RETURN_FROM_DatasetPage_759]}",
		"projectName":"dataverse-402758963",
		"right":null,
		"riskLevel":"HIGH"
	},
	{
		"declaringClass":"org.apache.dubbo.common.extension.ExtensionLoader",
		"declaringMethod":"org.apache.dubbo.common.extension.ExtensionLoader.<init>(java.lang.Class,org.apache.dubbo.common.extension.ExtensionDirector,org.apache.dubbo.rpc.model.ScopeModel)",
		"dereferenceBase":"extensionDirector.getExtensionLoader(class \"Lorg/apache/dubbo/common/extension/ExtensionInjector;\")",
		"dereferencePart":"extensionDirector.getExtensionLoader(class \"Lorg/apache/dubbo/common/extension/ExtensionInjector;\").getAdaptiveExtension()",
		"javaFile":"\\Experiments\\.\\BugSwarmProjects\\dubbo-416671625\\dubbo-common\\src\\main\\java\\org\\apache\\dubbo\\common\\extension\\ExtensionLoader.java",
		"lineNo":177,
		"nullValue":"{declaringClass='ExtensionDirector', lineNo=110, type=FROM_ASSIGN,traces=[RETURN_FROM_ExtensionDirector_103, RETURN_FROM_ExtensionLoader_176]}",
		"projectName":"dubbo-416671625",
		"right":null,
		"riskLevel":"HIGH"
	},
	{
		"declaringClass":"com.fasterxml.jackson.databind.deser.std.StdDeserializer",
		"declaringMethod":"com.fasterxml.jackson.databind.deser.std.StdDeserializer._parseIntPrimitive(com.fasterxml.jackson.core.JsonParser,com.fasterxml.jackson.databind.DeserializationContext)",
		"dereferenceBase":"ctxt.handleUnexpectedToken(this._valueClass,p)",
		"dereferencePart":"ctxt.handleUnexpectedToken(this._valueClass,p).intValue()",
		"javaFile":"\\Experiments\\.\\BugSwarmProjects\\JacksonDatabind-93\\src\\main\\java\\com\\fasterxml\\jackson\\databind\\deser\\std\\StdDeserializer.java",
		"lineNo":415,
		"nullValue":"{declaringClass='DeserializationContext', lineNo=1123, type=FROM_RETURN,traces=[RETURN_FROM_DeserializationContext_1075, RETURN_FROM_StdDeserializer_415]}",
		"projectName":"JacksonDatabind-93",
		"right":null,
		"riskLevel":"MIDDLE"
	},
	{
		"declaringClass":"com.peterphi.std.guice.web.rest.service.servicedescription.freemarker.RestServiceResourceParamInfo",
		"declaringMethod":"com.peterphi.std.guice.web.rest.service.servicedescription.freemarker.RestServiceResourceParamInfo.getName()",
		"dereferenceBase":"this.getAnnotation(class \"Ljavax/ws/rs/QueryParam;\")",
		"dereferencePart":"this.getAnnotation(class \"Ljavax/ws/rs/QueryParam;\").value()",
		"javaFile":"\\Experiments\\.\\BugSwarmProjects\\stdlib-290369132\\guice\\webapp\\src\\main\\java\\com\\peterphi\\std\\guice\\web\\rest\\service\\servicedescription\\freemarker\\RestServiceResourceParamInfo.java",
		"lineNo":73,
		"nullValue":"{declaringClass='RestServiceResourceParamInfo', lineNo=138, type=FROM_RETURN,traces=[RETURN_FROM_RestServiceResourceParamInfo_71]}",
		"projectName":"stdlib-290369132",
		"right":null,
		"riskLevel":"MIDDLE"
	},
	{
		"declaringClass":"edu.harvard.iq.dataverse.api.Datasets",
		"declaringMethod":"edu.harvard.iq.dataverse.api.Datasets.exportDataset(java.lang.String,java.lang.String)",
		"dereferenceBase":"instance.isXMLFormat(exporter)",
		"dereferencePart":"instance.isXMLFormat(exporter).booleanValue()",
		"javaFile":"\\Experiments\\.\\BugSwarmProjects\\dataverse-402758963\\src\\main\\java\\edu\\harvard\\iq\\dataverse\\api\\Datasets.java",
		"lineNo":215,
		"nullValue":"{declaringClass='ExportService', lineNo=357, type=FROM_RETURN,traces=[RETURN_FROM_Datasets_215]}",
		"projectName":"dataverse-402758963",
		"right":null,
		"riskLevel":"MIDDLE"
	},
	{
		"declaringClass":"org.jfree.data.category.CategoryToPieDataset",
		"declaringMethod":"org.jfree.data.category.CategoryToPieDataset.equals(java.lang.Object)",
		"dereferenceBase":"k1",
		"dereferencePart":"k1.equals()",
		"javaFile":"\\Experiments\\.\\BugSwarmProjects\\chart-14\\source\\org\\jfree\\data\\category\\CategoryToPieDataset.java",
		"lineNo":310,
		"nullValue":"{declaringClass='CategoryToPieDataset', lineNo=196, type=FROM_ASSIGN,traces=[RETURN_FROM_CategoryToPieDataset_308]}",
		"projectName":"chart-14",
		"right":null,
		"riskLevel":"HIGH"
	},
	{
		"declaringClass":"org.traccar.reports.ReportUtils",
		"declaringMethod":"org.traccar.reports.ReportUtils.calculateStop(java.util.ArrayList,int,int)",
		"dereferenceBase":"startStop.getFixTime()",
		"dereferencePart":"startStop.getFixTime().getTime()",
		"javaFile":"\\Experiments\\.\\BugSwarmProjects\\traccar-255051211\\src\\org\\traccar\\reports\\ReportUtils.java",
		"lineNo":222,
		"nullValue":"{declaringClass='Position', lineNo=180, type=FROM_RETURN,traces=[RETURN_FROM_ReportUtils_222]}",
		"projectName":"traccar-255051211",
		"right":null,
		"riskLevel":"MIDDLE"
	},
	{
		"declaringClass":"org.jfree.chart.plot.XYPlot",
		"declaringMethod":"org.jfree.chart.plot.XYPlot.drawQuadrants(java.awt.Graphics2D,java.awt.geom.Rectangle2D)",
		"dereferenceBase":"xAxis",
		"dereferencePart":"xAxis.getRange()",
		"javaFile":"\\Experiments\\.\\BugSwarmProjects\\chart-14\\source\\org\\jfree\\chart\\plot\\XYPlot.java",
		"lineNo":3036,
		"nullValue":"{declaringClass='XYPlot', lineNo=692, type=FROM_ASSIGN,traces=[RETURN_FROM_XYPlot_679, RETURN_FROM_XYPlot_3035]}",
		"projectName":"chart-14",
		"right":null,
		"riskLevel":"HIGH"
	},
	{
		"declaringClass":"edu.harvard.iq.dataverse.api.imports.ImportServiceBean",
		"declaringMethod":"edu.harvard.iq.dataverse.api.imports.ImportServiceBean.processMigrationValidationError(edu.harvard.iq.dataverse.DatasetFieldValue,java.io.PrintWriter,java.lang.String)",
		"dereferenceBase":"cleanupLog",
		"dereferencePart":"cleanupLog.println()",
		"javaFile":"\\Experiments\\.\\BugSwarmProjects\\dataverse-402758963\\src\\main\\java\\edu\\harvard\\iq\\dataverse\\api\\imports\\ImportServiceBean.java",
		"lineNo":707,
		"nullValue":"{declaringClass='BatchImport', lineNo=163, type=FROM_ASSIGN,traces=[PASS_AT_BatchImport_163, PASS_AT_ImportServiceBean_605]}",
		"projectName":"dataverse-402758963",
		"right":null,
		"riskLevel":"HIGH"
	},
	{
		"declaringClass":"com.adobe.acs.commons.dam.audio.impl.FFMpegAudioUtils",
		"declaringMethod":"com.adobe.acs.commons.dam.audio.impl.FFMpegAudioUtils.createTempDir(java.io.File)",
		"dereferenceBase":"parentDir",
		"dereferencePart":"parentDir.toPath()",
		"javaFile":"\\Experiments\\.\\BugSwarmProjects\\acs-aem-commons-374231969\\bundle\\src\\main\\java\\com\\adobe\\acs\\commons\\dam\\audio\\impl\\FFMpegAudioUtils.java",
		"lineNo":69,
		"nullValue":"{declaringClass='AudioHelperImpl', lineNo=76, type=FROM_ASSIGN,traces=[PASS_AT_AudioHelperImpl_76]}",
		"projectName":"acs-aem-commons-374231969",
		"right":null,
		"riskLevel":"HIGH"
	},
	{
		"declaringClass":"org.apache.commons.math3.analysis.differentiation.DSCompiler",
		"declaringMethod":"org.apache.commons.math3.analysis.differentiation.DSCompiler.compileSizes(int,int,org.apache.commons.math3.analysis.differentiation.DSCompiler)",
		"dereferenceBase":"valueCompiler",
		"dereferencePart":"valueCompiler.sizes",
		"javaFile":"\\Experiments\\.\\BugSwarmProjects\\math-4\\src\\main\\java\\org\\apache\\commons\\math3\\analysis\\differentiation\\DSCompiler.java",
		"lineNo":246,
		"nullValue":"{declaringClass='DSCompiler', lineNo=219, type=FROM_ASSIGN,traces=[PASS_AT_DSCompiler_221, PASS_AT_DSCompiler_168]}",
		"projectName":"math-4",
		"right":null,
		"riskLevel":"HIGH"
	},
	{
		"declaringClass":"de.charite.compbio.jannovar.hgvs.parser.Antlr4HGVSParserListenerImpl",
		"declaringMethod":"de.charite.compbio.jannovar.hgvs.parser.Antlr4HGVSParserListenerImpl.exitLegacy_point_location(de.charite.compbio.jannovar.hgvs.parser.Antlr4HGVSParser$Legacy_point_locationContext)",
		"dereferenceBase":"ctx.LEGACY_IVS_OR_EX()",
		"dereferencePart":"ctx.LEGACY_IVS_OR_EX().getText()",
		"javaFile":"\\Experiments\\.\\BugSwarmProjects\\jannovar-146105695\\jannovar-hgvs\\src\\main\\java\\de\\charite\\compbio\\jannovar\\hgvs\\parser\\Antlr4HGVSParserListenerImpl.java",
		"lineNo":615,
		"nullValue":"{declaringClass='ParserRuleContext', lineNo=197, type=FROM_RETURN,traces=[RETURN_FROM_Antlr4HGVSParser$Legacy_point_locationContext_3882, RETURN_FROM_Antlr4HGVSParserListenerImpl_615]}",
		"projectName":"jannovar-146105695",
		"right":null,
		"riskLevel":"MIDDLE"
	},
	{
		"declaringClass":"com.fasterxml.jackson.databind.jsontype.impl.AsPropertyTypeDeserializer",
		"declaringMethod":"com.fasterxml.jackson.databind.jsontype.impl.AsPropertyTypeDeserializer._deserializeTypedForId(com.fasterxml.jackson.core.JsonParser,com.fasterxml.jackson.databind.DeserializationContext,com.fasterxml.jackson.databind.util.TokenBuffer)",
		"dereferenceBase":"deser",
		"dereferencePart":"deser.deserialize($r7,ctxt)",
		"javaFile":"\\Experiments\\.\\BugSwarmProjects\\JacksonDatabind-80\\src\\main\\java\\com\\fasterxml\\jackson\\databind\\jsontype\\impl\\AsPropertyTypeDeserializer.java",
		"lineNo":130,
		"nullValue":"{declaringClass='TypeDeserializerBase', lineNo=165, type=FROM_RETURN,traces=[RETURN_FROM_AsPropertyTypeDeserializer_113]}",
		"projectName":"JacksonDatabind-80",
		"right":null,
		"riskLevel":"MIDDLE"
	},
	{
		"declaringClass":"com.fasterxml.jackson.databind.introspect.POJOPropertyBuilder",
		"declaringMethod":"com.fasterxml.jackson.databind.introspect.POJOPropertyBuilder.getMetadata()",
		"dereferenceBase":"b",
		"dereferencePart":"b.booleanValue()",
		"javaFile":"\\Experiments\\.\\BugSwarmProjects\\JacksonDatabind-3\\src\\main\\java\\com\\fasterxml\\jackson\\databind\\introspect\\POJOPropertyBuilder.java",
		"lineNo":473,
		"nullValue":"{declaringClass='POJOPropertyBuilder', lineNo=949, type=FROM_ASSIGN,traces=[RETURN_FROM_POJOPropertyBuilder_477, RETURN_FROM_POJOPropertyBuilder_466]}",
		"projectName":"JacksonDatabind-3",
		"right":null,
		"riskLevel":"HIGH"
	},
	{
		"declaringClass":"org.nutz.repo.Base64",
		"declaringMethod":"org.nutz.repo.Base64.decode(java.lang.String)",
		"dereferenceBase":"str",
		"dereferencePart":"str.charAt()",
		"javaFile":"\\Experiments\\.\\BugSwarmProjects\\nutz-90868641\\src\\org\\nutz\\repo\\Base64.java",
		"lineNo":473,
		"nullValue":"{declaringClass='Base64', lineNo=456, type=FROM_NULL_CHECK,traces=none}",
		"projectName":"nutz-90868641",
		"right":null,
		"riskLevel":"LOW"
	},
	{
		"declaringClass":"com.google.javascript.jscomp.TypeInference",
		"declaringMethod":"com.google.javascript.jscomp.TypeInference.traverse(com.google.javascript.rhino.Node,com.google.javascript.jscomp.type.FlowScope)",
		"dereferenceBase":"info.getType()",
		"dereferencePart":"info.getType().evaluate(this.syntacticScope,this.registry)",
		"javaFile":"\\Experiments\\.\\BugSwarmProjects\\closure-2\\src\\com\\google\\javascript\\jscomp\\TypeInference.java",
		"lineNo":457,
		"nullValue":"{declaringClass='JSDocInfo', lineNo=1141, type=FROM_RETURN,traces=[RETURN_FROM_JSDocInfo_1113, RETURN_FROM_TypeInference_457]}",
		"projectName":"closure-2",
		"right":null,
		"riskLevel":"MIDDLE"
	},
	{
		"declaringClass":"de.charite.compbio.jannovar.stats.facade.StatisticsCollector",
		"declaringMethod":"de.charite.compbio.jannovar.stats.facade.StatisticsCollector.putVariantEffect(htsjdk.variant.variantcontext.VariantContext,java.lang.String,de.charite.compbio.jannovar.annotation.VariantAnnotations)",
		"dereferenceBase":"alleleAnno.getHighestImpactAnnotation()",
		"dereferencePart":"alleleAnno.getHighestImpactAnnotation().getMostPathogenicVarType()",
		"javaFile":"\\Experiments\\.\\BugSwarmProjects\\jannovar-249719464\\jannovar-stats\\src\\main\\java\\de\\charite\\compbio\\jannovar\\stats\\facade\\StatisticsCollector.java",
		"lineNo":137,
		"nullValue":"{declaringClass='VariantAnnotations', lineNo=82, type=FROM_RETURN,traces=[RETURN_FROM_StatisticsCollector_137]}",
		"projectName":"jannovar-249719464",
		"right":null,
		"riskLevel":"MIDDLE"
	},
	{
		"declaringClass":"org.jfree.chart.plot.CategoryPlot",
		"declaringMethod":"org.jfree.chart.plot.CategoryPlot.draw(java.awt.Graphics2D,java.awt.geom.Rectangle2D,java.awt.geom.Point2D,org.jfree.chart.plot.PlotState,org.jfree.chart.plot.PlotRenderingInfo)",
		"dereferenceBase":"this.getRenderer()",
		"dereferencePart":"this.getRenderer().drawOutline(g2,this,dataArea)",
		"javaFile":"\\Experiments\\.\\BugSwarmProjects\\chart-14\\source\\org\\jfree\\chart\\plot\\CategoryPlot.java",
		"lineNo":2994,
		"nullValue":"{declaringClass='CategoryPlot', lineNo=1319, type=FROM_ASSIGN,traces=[RETURN_FROM_CategoryPlot_1306, RETURN_FROM_CategoryPlot_2994]}",
		"projectName":"chart-14",
		"right":null,
		"riskLevel":"HIGH"
	},
	{
		"declaringClass":"edu.harvard.iq.dataverse.engine.command.impl.UningestFileCommand",
		"declaringMethod":"edu.harvard.iq.dataverse.engine.command.impl.UningestFileCommand.executeImpl(edu.harvard.iq.dataverse.engine.command.CommandContext)",
		"dereferenceBase":"this.uningest.getDataTable()",
		"dereferencePart":"this.uningest.getDataTable().getId()",
		"javaFile":"\\Experiments\\.\\BugSwarmProjects\\dataverse-402758963\\src\\main\\java\\edu\\harvard\\iq\\dataverse\\engine\\command\\impl\\UningestFileCommand.java",
		"lineNo":119,
		"nullValue":"{declaringClass='DataFile', lineNo=265, type=FROM_RETURN,traces=[RETURN_FROM_UningestFileCommand_119]}",
		"projectName":"dataverse-402758963",
		"right":null,
		"riskLevel":"MIDDLE"
	},
	{
		"declaringClass":"de.charite.compbio.jannovar.pedigree.compatibilitychecker.xr.VariantContextCompatibilityCheckerXRecessiveCompoundHet",
		"declaringMethod":"de.charite.compbio.jannovar.pedigree.compatibilitychecker.xr.VariantContextCompatibilityCheckerXRecessiveCompoundHet.isCompatibleWithTriosAndMaternalPaternalInheritanceAroundAffected(de.charite.compbio.jannovar.pedigree.Person,de.charite.compbio.jannovar.pedigree.InheritanceVariantContext,de.charite.compbio.jannovar.pedigree.InheritanceVariantContext)",
		"dereferenceBase":"maternal",
		"dereferencePart":"maternal.getGenotype()",
		"javaFile":"\\Experiments\\.\\BugSwarmProjects\\jannovar-146105695\\jannovar-inheritance-checker\\src\\main\\java\\de\\charite\\compbio\\jannovar\\pedigree\\compatibilitychecker\\xr\\VariantContextCompatibilityCheckerXRecessiveCompoundHet.java",
		"lineNo":200,
		"nullValue":"{declaringClass='VariantContextCompatibilityCheckerXRecessiveCompoundHet', lineNo=172, type=FROM_NULL_CHECK,traces=none}",
		"projectName":"jannovar-146105695",
		"right":null,
		"riskLevel":"LOW"
	},
	{
		"declaringClass":"org.jfree.chart.renderer.category.GroupedStackedBarRenderer",
		"declaringMethod":"org.jfree.chart.renderer.category.GroupedStackedBarRenderer.calculateBarW0(org.jfree.chart.plot.CategoryPlot,org.jfree.chart.plot.PlotOrientation,java.awt.geom.Rectangle2D,org.jfree.chart.axis.CategoryAxis,org.jfree.chart.renderer.category.CategoryItemRendererState,int,int)",
		"dereferenceBase":"plot.getDataset(plot.getIndexOf(this))",
		"dereferencePart":"plot.getDataset(plot.getIndexOf(this)).getRowKey()",
		"javaFile":"\\Experiments\\.\\BugSwarmProjects\\chart-4\\source\\org\\jfree\\chart\\renderer\\category\\GroupedStackedBarRenderer.java",
		"lineNo":217,
		"nullValue":"{declaringClass='CategoryPlot', lineNo=1297, type=FROM_ASSIGN,traces=[RETURN_FROM_GroupedStackedBarRenderer_216]}",
		"projectName":"chart-4",
		"right":null,
		"riskLevel":"HIGH"
	},
	{
		"declaringClass":"net.md_5.bungee.conf.Configuration",
		"declaringMethod":"net.md_5.bungee.conf.Configuration.load()",
		"dereferenceBase":"ex#137",
		"dereferencePart":"ex#137.containsKey()",
		"javaFile":"\\Experiments\\.\\BugSwarmProjects\\BungeeCord-130330788\\proxy\\src\\main\\java\\net\\md_5\\bungee\\conf\\Configuration.java",
		"lineNo":103,
		"nullValue":"{declaringClass='Configuration', lineNo=93, type=FROM_NULL_CHECK,traces=none}",
		"projectName":"BungeeCord-130330788",
		"right":null,
		"riskLevel":"LOW"
	},
	{
		"declaringClass":"edu.harvard.iq.dataverse.actionlogging.ActionLogServiceBean",
		"declaringMethod":"edu.harvard.iq.dataverse.actionlogging.ActionLogServiceBean.log(edu.harvard.iq.dataverse.actionlogging.ActionLogRecord)",
		"dereferenceBase":"rec",
		"dereferencePart":"rec.getEndTime()",
		"javaFile":"\\Experiments\\.\\BugSwarmProjects\\dataverse-402758963\\src\\main\\java\\edu\\harvard\\iq\\dataverse\\actionlogging\\ActionLogServiceBean.java",
		"lineNo":26,
		"nullValue":"{declaringClass='LoggingUtil', lineNo=69, type=FROM_RETURN,traces=[RETURN_FROM_FileRecordJobListener_332, PASS_AT_FileRecordJobListener_332]}",
		"projectName":"dataverse-402758963",
		"right":null,
		"riskLevel":"MIDDLE"
	},
	{
		"declaringClass":"com.fasterxml.jackson.databind.ser.std.EnumMapSerializer",
		"declaringMethod":"com.fasterxml.jackson.databind.ser.std.EnumMapSerializer.serializeContents(java.util.EnumMap,com.fasterxml.jackson.core.JsonGenerator,com.fasterxml.jackson.databind.SerializerProvider)",
		"dereferenceBase":"currSerializer",
		"dereferencePart":"currSerializer.serialize(valueElem,jgen,provider)",
		"javaFile":"\\Experiments\\.\\BugSwarmProjects\\JacksonDatabind-13\\src\\main\\java\\com\\fasterxml\\jackson\\databind\\ser\\std\\EnumMapSerializer.java",
		"lineNo":249,
		"nullValue":"{declaringClass='EnumMapSerializer', lineNo=210, type=FROM_ASSIGN,traces=none}",
		"projectName":"JacksonDatabind-13",
		"right":null,
		"riskLevel":"HIGH"
	},
	{
		"declaringClass":"com.fasterxml.jackson.databind.node.TreeTraversingParser",
		"declaringMethod":"com.fasterxml.jackson.databind.node.TreeTraversingParser.getTextCharacters()",
		"dereferenceBase":"this.getText()",
		"dereferencePart":"this.getText().toCharArray()",
		"javaFile":"\\Experiments\\.\\BugSwarmProjects\\JacksonDatabind-36\\src\\main\\java\\com\\fasterxml\\jackson\\databind\\node\\TreeTraversingParser.java",
		"lineNo":251,
		"nullValue":"{declaringClass='TreeTraversingParser', lineNo=227, type=FROM_RETURN,traces=[RETURN_FROM_TreeTraversingParser_251]}",
		"projectName":"JacksonDatabind-36",
		"right":null,
		"riskLevel":"MIDDLE"
	},
	{
		"declaringClass":"edu.harvard.iq.dataverse.api.Index",
		"declaringMethod":"edu.harvard.iq.dataverse.api.Index.searchPermsDebug(java.lang.String,java.lang.Long)",
		"dereferenceBase":"this.dvObjectService.findDvObject(dvObjectId)",
		"dereferencePart":"this.dvObjectService.findDvObject(dvObjectId).getModificationTime()",
		"javaFile":"\\Experiments\\.\\BugSwarmProjects\\dataverse-402758963\\src\\main\\java\\edu\\harvard\\iq\\dataverse\\api\\Index.java",
		"lineNo":628,
		"nullValue":"{declaringClass='DvObjectServiceBean', lineNo=54, type=FROM_RETURN,traces=[RETURN_FROM_Index_626]}",
		"projectName":"dataverse-402758963",
		"right":null,
		"riskLevel":"MIDDLE"
	},
	{
		"declaringClass":"edu.harvard.iq.dataverse.FilePage",
		"declaringMethod":"edu.harvard.iq.dataverse.FilePage.init()",
		"dereferenceBase":"originalSourceURL#18",
		"dereferencePart":"originalSourceURL#18.getDatasetVersion()",
		"javaFile":"\\Experiments\\.\\BugSwarmProjects\\dataverse-402758963\\src\\main\\java\\edu\\harvard\\iq\\dataverse\\FilePage.java",
		"lineNo":164,
		"nullValue":"{declaringClass='DatasetVersionServiceBean', lineNo=630, type=FROM_RETURN,traces=[RETURN_FROM_FilePage_163]}",
		"projectName":"dataverse-402758963",
		"right":null,
		"riskLevel":"MIDDLE"
	},
	{
		"declaringClass":"com.peterphi.std.guice.web.rest.setup.JAXRSAutoRegisterServicesModule",
		"declaringMethod":"com.peterphi.std.guice.web.rest.setup.JAXRSAutoRegisterServicesModule.autobind(java.lang.Class)",
		"dereferenceBase":"this.scannerFactory.getInstance()",
		"dereferencePart":"this.scannerFactory.getInstance().getImplementations()",
		"javaFile":"\\Experiments\\.\\BugSwarmProjects\\stdlib-290369132\\guice\\webapp\\src\\main\\java\\com\\peterphi\\std\\guice\\web\\rest\\setup\\JAXRSAutoRegisterServicesModule.java",
		"lineNo":74,
		"nullValue":"{declaringClass='ClassScannerFactory', lineNo=55, type=FROM_RETURN,traces=[RETURN_FROM_JAXRSAutoRegisterServicesModule_74]}",
		"projectName":"stdlib-290369132",
		"right":null,
		"riskLevel":"MIDDLE"
	},
	{
		"declaringClass":"com.fasterxml.jackson.databind.ObjectReader",
		"declaringMethod":"com.fasterxml.jackson.databind.ObjectReader.<init>(com.fasterxml.jackson.databind.ObjectMapper,com.fasterxml.jackson.databind.DeserializationConfig,com.fasterxml.jackson.databind.JavaType,java.lang.Object,com.fasterxml.jackson.core.FormatSchema,com.fasterxml.jackson.databind.InjectableValues)",
		"dereferenceBase":"valueType",
		"dereferencePart":"valueType.isArrayType()",
		"javaFile":"\\Experiments\\.\\BugSwarmProjects\\JacksonDatabind-93\\src\\main\\java\\com\\fasterxml\\jackson\\databind\\ObjectReader.java",
		"lineNo":178,
		"nullValue":"{declaringClass='ObjectMapper', lineNo=3415, type=FROM_ASSIGN,traces=[PASS_AT_ObjectMapper_3415, PASS_AT_ObjectMapper_652]}",
		"projectName":"JacksonDatabind-93",
		"right":null,
		"riskLevel":"HIGH"
	},
	{
		"declaringClass":"net.md_5.bungee.connection.DownstreamBridge",
		"declaringMethod":"net.md_5.bungee.connection.DownstreamBridge.handle(net.md_5.bungee.protocol.packet.PluginMessage)",
		"dereferenceBase":"VARIABLE",
		"dereferencePart":"VARIABLE.writeUTF()",
		"javaFile":"\\Experiments\\.\\BugSwarmProjects\\BungeeCord-130330788\\proxy\\src\\main\\java\\net\\md_5\\bungee\\connection\\DownstreamBridge.java",
		"lineNo":400,
		"nullValue":"{declaringClass='DownstreamBridge', lineNo=289, type=FROM_ASSIGN,traces=none}",
		"projectName":"BungeeCord-130330788",
		"right":null,
		"riskLevel":"HIGH"
	},
	{
		"declaringClass":"com.google.javascript.jscomp.Tracer$ThreadTrace",
		"declaringMethod":"com.google.javascript.jscomp.Tracer$ThreadTrace.toString()",
		"dereferenceBase":"indent",
		"dereferencePart":"indent.isEmpty()",
		"javaFile":"\\Experiments\\.\\BugSwarmProjects\\closure-2\\src\\com\\google\\javascript\\jscomp\\Tracer.java",
		"lineNo":872,
		"nullValue":"{declaringClass='Tracer$ThreadTrace', lineNo=870, type=FROM_ASSIGN,traces=none}",
		"projectName":"closure-2",
		"right":null,
		"riskLevel":"HIGH"
	},
	{
		"declaringClass":"org.apache.dubbo.maven.plugin.CodeGenerator",
		"declaringMethod":"org.apache.dubbo.maven.plugin.CodeGenerator.execute(java.lang.String,org.apache.maven.plugin.logging.Log)",
		"dereferenceBase":"log",
		"dereferencePart":"log.info()",
		"javaFile":"\\Experiments\\.\\BugSwarmProjects\\dubbo-416671625\\dubbo-native-plugin\\src\\main\\java\\org\\apache\\dubbo\\maven\\plugin\\CodeGenerator.java",
		"lineNo":45,
		"nullValue":"{declaringClass='CodeGenerator', lineNo=97, type=FROM_ASSIGN,traces=[PASS_AT_CodeGenerator_97]}",
		"projectName":"dubbo-416671625",
		"right":null,
		"riskLevel":"HIGH"
	},
	{
		"declaringClass":"org.apache.commons.math3.linear.ArrayRealVector",
		"declaringMethod":"org.apache.commons.math3.linear.ArrayRealVector.<init>(double[])",
		"dereferenceBase":"d",
		"dereferencePart":"d.clone()",
		"javaFile":"\\Experiments\\.\\BugSwarmProjects\\math-4\\src\\main\\java\\org\\apache\\commons\\math3\\linear\\ArrayRealVector.java",
		"lineNo":86,
		"nullValue":"{declaringClass='BaseAbstractMultivariateOptimizer', lineNo=247, type=FROM_ASSIGN,traces=[RETURN_FROM_BOBYQAOptimizer_244, PASS_AT_BOBYQAOptimizer_244]}",
		"projectName":"math-4",
		"right":null,
		"riskLevel":"HIGH"
	},
	{
		"declaringClass":"org.apache.dubbo.qos.protocol.QosProtocolWrapper",
		"declaringMethod":"org.apache.dubbo.qos.protocol.QosProtocolWrapper.stopServer()",
		"dereferenceBase":"server",
		"dereferencePart":"server.stop()",
		"javaFile":"\\Experiments\\.\\BugSwarmProjects\\dubbo-416671625\\dubbo-plugin\\dubbo-qos\\src\\main\\java\\org\\apache\\dubbo\\qos\\protocol\\QosProtocolWrapper.java",
		"lineNo":130,
		"nullValue":"{declaringClass='ScopeBeanFactory', lineNo=193, type=FROM_NULL_CHECK,traces=[RETURN_FROM_ScopeBeanFactory_188, RETURN_FROM_QosProtocolWrapper_129]}",
		"projectName":"dubbo-416671625",
		"right":null,
		"riskLevel":"LOW"
	},
	{
		"declaringClass":"de.charite.compbio.jannovar.hgvs.parser.Antlr4HGVSParserListenerImpl",
		"declaringMethod":"de.charite.compbio.jannovar.hgvs.parser.Antlr4HGVSParserListenerImpl.exitReference(de.charite.compbio.jannovar.hgvs.parser.Antlr4HGVSParser$ReferenceContext)",
		"dereferenceBase":"ctx.REFERENCE(1)",
		"dereferencePart":"ctx.REFERENCE(1).getText()",
		"javaFile":"\\Experiments\\.\\BugSwarmProjects\\jannovar-249719464\\jannovar-hgvs\\src\\main\\java\\de\\charite\\compbio\\jannovar\\hgvs\\parser\\Antlr4HGVSParserListenerImpl.java",
		"lineNo":431,
		"nullValue":"{declaringClass='ParserRuleContext', lineNo=197, type=FROM_RETURN,traces=[RETURN_FROM_Antlr4HGVSParser$ReferenceContext_216, RETURN_FROM_Antlr4HGVSParserListenerImpl_431]}",
		"projectName":"jannovar-249719464",
		"right":null,
		"riskLevel":"MIDDLE"
	},
	{
		"declaringClass":"org.traccar.reports.Summary",
		"declaringMethod":"org.traccar.reports.Summary.calculateSummaryResult(long,java.util.Date,java.util.Date)",
		"dereferenceBase":"position.getFixTime()",
		"dereferencePart":"position.getFixTime().getTime()",
		"javaFile":"\\Experiments\\.\\BugSwarmProjects\\traccar-255051211\\src\\org\\traccar\\reports\\Summary.java",
		"lineNo":53,
		"nullValue":"{declaringClass='Position', lineNo=180, type=FROM_RETURN,traces=[RETURN_FROM_Summary_53]}",
		"projectName":"traccar-255051211",
		"right":null,
		"riskLevel":"MIDDLE"
	},
	{
		"declaringClass":"edu.harvard.iq.dataverse.ingest.tabulardata.impl.plugins.xlsx.XLSXFileReader$SheetHandler",
		"declaringMethod":"edu.harvard.iq.dataverse.ingest.tabulardata.impl.plugins.xlsx.XLSXFileReader$SheetHandler.startElement(java.lang.String,java.lang.String,java.lang.String,org.xml.sax.Attributes)",
		"dereferenceBase":"varCount#35",
		"dereferencePart":"varCount#35.matches()",
		"javaFile":"\\Experiments\\.\\BugSwarmProjects\\dataverse-402758963\\src\\main\\java\\edu\\harvard\\iq\\dataverse\\ingest\\tabulardata\\impl\\plugins\\xlsx\\XLSXFileReader.java",
		"lineNo":350,
		"nullValue":"{declaringClass='XLSXFileReader$SheetHandler', lineNo=347, type=FROM_NULL_CHECK,traces=none}",
		"projectName":"dataverse-402758963",
		"right":null,
		"riskLevel":"LOW"
	},
	{
		"declaringClass":"edu.harvard.iq.dataverse.engine.command.impl.PublishDatasetCommand",
		"declaringMethod":"edu.harvard.iq.dataverse.engine.command.impl.PublishDatasetCommand.verifyCommandArguments()",
		"dereferenceBase":"this.theDataset.getOwner()",
		"dereferencePart":"this.theDataset.getOwner().isReleased()",
		"javaFile":"\\Experiments\\.\\BugSwarmProjects\\dataverse-402758963\\src\\main\\java\\edu\\harvard\\iq\\dataverse\\engine\\command\\impl\\PublishDatasetCommand.java",
		"lineNo":104,
		"nullValue":"{declaringClass='DvObjectContainer', lineNo=19, type=FROM_ASSIGN,traces=[RETURN_FROM_PublishDatasetCommand_104]}",
		"projectName":"dataverse-402758963",
		"right":null,
		"riskLevel":"HIGH"
	},
	{
		"declaringClass":"org.apache.dubbo.common.URLStrParser",
		"declaringMethod":"org.apache.dubbo.common.URLStrParser.parseEncodedStr(java.lang.String)",
		"dereferenceBase":"encodedURLStr",
		"dereferencePart":"encodedURLStr.toUpperCase()",
		"javaFile":"\\Experiments\\.\\BugSwarmProjects\\dubbo-416671625\\dubbo-common\\src\\main\\java\\org\\apache\\dubbo\\common\\URLStrParser.java",
		"lineNo":213,
		"nullValue":"{declaringClass='URLParam', lineNo=846, type=FROM_RETURN,traces=[RETURN_FROM_URL_542, RETURN_FROM_MultipleServiceDiscovery_53, PASS_AT_MultipleServiceDiscovery_53, PASS_AT_URL_234, PASS_AT_URL_252]}",
		"projectName":"dubbo-416671625",
		"right":null,
		"riskLevel":"MIDDLE"
	},
	{
		"declaringClass":"okhttp3.recipes.CertificatePinning",
		"declaringMethod":"okhttp3.recipes.CertificatePinning.run()",
		"dereferenceBase":"response.handshake()",
		"dereferencePart":"response.handshake().peerCertificates()",
		"javaFile":"\\Experiments\\.\\BugSwarmProjects\\okhttp-528014967\\samples\\guide\\src\\main\\java\\okhttp3\\recipes\\CertificatePinning.java",
		"lineNo":45,
		"nullValue":"{declaringClass='Response', lineNo=-1, type=FROM_ANNOTATION,traces=none}",
		"projectName":"okhttp-528014967",
		"right":null,
		"riskLevel":"LOW"
	},
	{
		"declaringClass":"org.apache.dubbo.registry.integration.RegistryDirectory",
		"declaringMethod":"org.apache.dubbo.registry.integration.RegistryDirectory.destroyUnusedInvokers(java.util.Map,java.util.Map)",
		"dereferenceBase":"oldUrlInvokerMap",
		"dereferencePart":"oldUrlInvokerMap.entrySet()",
		"javaFile":"\\Experiments\\.\\BugSwarmProjects\\dubbo-416671625\\dubbo-registry\\dubbo-registry-api\\src\\main\\java\\org\\apache\\dubbo\\registry\\integration\\RegistryDirectory.java",
		"lineNo":508,
		"nullValue":"{declaringClass='RegistryDirectory', lineNo=231, type=FROM_ASSIGN,traces=[PASS_AT_RegistryDirectory_260]}",
		"projectName":"dubbo-416671625",
		"right":null,
		"riskLevel":"HIGH"
	},
	{
		"declaringClass":"com.fasterxml.jackson.databind.ser.std.BeanSerializerBase",
		"declaringMethod":"com.fasterxml.jackson.databind.ser.std.BeanSerializerBase.createContextual(com.fasterxml.jackson.databind.SerializerProvider,com.fasterxml.jackson.databind.BeanProperty)",
		"dereferenceBase":"intr",
		"dereferencePart":"intr.findPropertyIgnorals()",
		"javaFile":"\\Experiments\\.\\BugSwarmProjects\\JacksonDatabind-107\\src\\main\\java\\com\\fasterxml\\jackson\\databind\\ser\\std\\BeanSerializerBase.java",
		"lineNo":464,
		"nullValue":"{declaringClass='BeanSerializerBase', lineNo=414, type=FROM_NULL_CHECK,traces=none}",
		"projectName":"JacksonDatabind-107",
		"right":null,
		"riskLevel":"LOW"
	},
	{
		"declaringClass":"org.languagetool.commandline.Main",
		"declaringMethod":"org.languagetool.commandline.Main.main(java.lang.String[])",
		"dereferenceBase":"options.getLanguage()",
		"dereferencePart":"options.getLanguage().getName()",
		"javaFile":"\\Experiments\\.\\BugSwarmProjects\\languagetool-393031702\\languagetool-commandline\\src\\main\\java\\org\\languagetool\\commandline\\Main.java",
		"lineNo":416,
		"nullValue":"{declaringClass='CommandLineOptions', lineNo=-1, type=FROM_ANNOTATION,traces=none}",
		"projectName":"languagetool-393031702",
		"right":null,
		"riskLevel":"LOW"
	},
	{
		"declaringClass":"org.apache.commons.math3.stat.ranking.NaturalRanking",
		"declaringMethod":"org.apache.commons.math3.stat.ranking.NaturalRanking.restoreNaNs(double[],java.util.List)",
		"dereferenceBase":"nanPositions",
		"dereferencePart":"nanPositions.size()",
		"javaFile":"\\Experiments\\.\\BugSwarmProjects\\math-4\\src\\main\\java\\org\\apache\\commons\\math3\\stat\\ranking\\NaturalRanking.java",
		"lineNo":396,
		"nullValue":"{declaringClass='NaturalRanking', lineNo=201, type=FROM_ASSIGN,traces=[PASS_AT_NaturalRanking_254]}",
		"projectName":"math-4",
		"right":null,
		"riskLevel":"HIGH"
	},
	{
		"declaringClass":"de.charite.compbio.jannovar.vardbs.exac.ExacAnnotationDriver",
		"declaringMethod":"de.charite.compbio.jannovar.vardbs.exac.ExacAnnotationDriver.annotateFrequencies(htsjdk.variant.variantcontext.VariantContext,java.lang.String,java.util.HashMap,htsjdk.variant.variantcontext.VariantContextBuilder)",
		"dereferenceBase":"record.getAlleleFrequencies(pop)",
		"dereferencePart":"record.getAlleleFrequencies(pop).get()",
		"javaFile":"\\Experiments\\.\\BugSwarmProjects\\jannovar-249719464\\jannovar-vardbs\\src\\main\\java\\de\\charite\\compbio\\jannovar\\vardbs\\exac\\ExacAnnotationDriver.java",
		"lineNo":263,
		"nullValue":"{declaringClass='ImmutableSortedMap', lineNo=530, type=FROM_ASSIGN,traces=[RETURN_FROM_ExacRecord_164, RETURN_FROM_ExacAnnotationDriver_263]}",
		"projectName":"jannovar-249719464",
		"right":null,
		"riskLevel":"HIGH"
	},
	{
		"declaringClass":"org.jfree.chart.axis.DateAxis",
		"declaringMethod":"org.jfree.chart.axis.DateAxis.previousStandardDate(java.util.Date,org.jfree.chart.axis.DateTickUnit)",
		"dereferenceBase":"standardDate",
		"dereferencePart":"standardDate.getTime()",
		"javaFile":"\\Experiments\\.\\BugSwarmProjects\\chart-16\\source\\org\\jfree\\chart\\axis\\DateAxis.java",
		"lineNo":970,
		"nullValue":"{declaringClass='DateAxis', lineNo=1021, type=FROM_ASSIGN,traces=[RETURN_FROM_DateAxis_968]}",
		"projectName":"chart-16",
		"right":null,
		"riskLevel":"HIGH"
	},
	{
		"declaringClass":"org.apache.commons.lang3.reflect.FieldUtilsTest",
		"declaringMethod":"org.apache.commons.lang3.reflect.FieldUtilsTest.testGetDeclaredField()",
		"dereferenceBase":"FieldUtils.getDeclaredField(class \"Lorg/apache/commons/lang3/reflect/testbed/PubliclyShadowedChild;\",\"s\")",
		"dereferencePart":"FieldUtils.getDeclaredField(class \"Lorg/apache/commons/lang3/reflect/testbed/PubliclyShadowedChild;\",\"s\").getDeclaringClass()",
		"javaFile":"\\Experiments\\.\\BugSwarmProjects\\lang-20\\src\\test\\java\\org\\apache\\commons\\lang3\\reflect\\FieldUtilsTest.java",
		"lineNo":125,
		"nullValue":"{declaringClass='FieldUtils', lineNo=175, type=FROM_RETURN,traces=[RETURN_FROM_FieldUtils_147, RETURN_FROM_FieldUtilsTest_124]}",
		"projectName":"lang-20",
		"right":null,
		"riskLevel":"MIDDLE"
	},
	{
		"declaringClass":"org.nutz.el.opt.bit.UnsignedLeftShift",
		"declaringMethod":"org.nutz.el.opt.bit.UnsignedLeftShift.calculate()",
		"dereferenceBase":"rval",
		"dereferencePart":"rval.intValue()",
		"javaFile":"\\Experiments\\.\\BugSwarmProjects\\nutz-90868641\\src\\org\\nutz\\el\\opt\\bit\\UnsignedLeftShift.java",
		"lineNo":17,
		"nullValue":"{declaringClass='AbstractOpt', lineNo=34, type=FROM_RETURN,traces=[RETURN_FROM_UnsignedLeftShift_16]}",
		"projectName":"nutz-90868641",
		"right":null,
		"riskLevel":"MIDDLE"
	},
	{
		"declaringClass":"de.charite.compbio.jannovar.vardbs.exac.ExacRecord",
		"declaringMethod":"de.charite.compbio.jannovar.vardbs.exac.ExacRecord.popWithHighestAlleleFreq(int)",
		"dereferenceBase":"this.alleleFrequencies.get(pop)",
		"dereferencePart":"this.alleleFrequencies.get(pop).get()",
		"javaFile":"\\Experiments\\.\\BugSwarmProjects\\jannovar-146105695\\jannovar-vardbs\\src\\main\\java\\de\\charite\\compbio\\jannovar\\vardbs\\exac\\ExacRecord.java",
		"lineNo":136,
		"nullValue":"{declaringClass='ImmutableSortedMap', lineNo=530, type=FROM_ASSIGN,traces=[RETURN_FROM_ExacRecord_136]}",
		"projectName":"jannovar-146105695",
		"right":null,
		"riskLevel":"HIGH"
	},
	{
		"declaringClass":"com.fasterxml.jackson.databind.deser.BasicDeserializerFactory",
		"declaringMethod":"com.fasterxml.jackson.databind.deser.BasicDeserializerFactory.resolveType(com.fasterxml.jackson.databind.DeserializationContext,com.fasterxml.jackson.databind.BeanDescription,com.fasterxml.jackson.databind.JavaType,com.fasterxml.jackson.databind.introspect.AnnotatedMember)",
		"dereferenceBase":"type",
		"dereferencePart":"type.isMapLikeType()",
		"javaFile":"\\Experiments\\.\\BugSwarmProjects\\JacksonDatabind-36\\src\\main\\java\\com\\fasterxml\\jackson\\databind\\deser\\BasicDeserializerFactory.java",
		"lineNo":1866,
		"nullValue":"{declaringClass='AnnotatedMethod', lineNo=197, type=FROM_RETURN,traces=[RETURN_FROM_BeanDeserializerFactory_674, PASS_AT_BeanDeserializerFactory_678]}",
		"projectName":"JacksonDatabind-36",
		"right":null,
		"riskLevel":"MIDDLE"
	},
	{
		"declaringClass":"de.charite.compbio.jannovar.vardbs.exac.ExacRecord",
		"declaringMethod":"de.charite.compbio.jannovar.vardbs.exac.ExacRecord.popWithHighestAlleleFreq(int)",
		"dereferenceBase":"this.alleleFrequencies.get(pop)",
		"dereferencePart":"this.alleleFrequencies.get(pop).get()",
		"javaFile":"\\Experiments\\.\\BugSwarmProjects\\jannovar-249719464\\jannovar-vardbs\\src\\main\\java\\de\\charite\\compbio\\jannovar\\vardbs\\exac\\ExacRecord.java",
		"lineNo":177,
		"nullValue":"{declaringClass='ImmutableSortedMap', lineNo=530, type=FROM_ASSIGN,traces=[RETURN_FROM_ExacRecord_177]}",
		"projectName":"jannovar-249719464",
		"right":null,
		"riskLevel":"HIGH"
	},
	{
		"declaringClass":"com.google.javascript.jscomp.NodeUtil",
		"declaringMethod":"com.google.javascript.jscomp.NodeUtil.isGet(com.google.javascript.rhino.Node)",
		"dereferenceBase":"n",
		"dereferencePart":"n.isGetProp()",
		"javaFile":"\\Experiments\\.\\BugSwarmProjects\\closure-2\\src\\com\\google\\javascript\\jscomp\\NodeUtil.java",
		"lineNo":1545,
		"nullValue":"{declaringClass='NodeTraversal', lineNo=277, type=FROM_ASSIGN,traces=[PASS_AT_NodeTraversal_277, PASS_AT_NodeTraversal_505, PASS_AT_GatherRawExports_55]}",
		"projectName":"closure-2",
		"right":null,
		"riskLevel":"HIGH"
	},
	{
		"declaringClass":"org.apache.dubbo.registry.client.migration.MigrationRuleHandler",
		"declaringMethod":"org.apache.dubbo.registry.client.migration.MigrationRuleHandler.report(org.apache.dubbo.registry.client.migration.model.MigrationStep,org.apache.dubbo.registry.client.migration.model.MigrationStep,java.lang.String)",
		"dereferenceBase":"reportService",
		"dereferencePart":"reportService.hasReporter()",
		"javaFile":"\\Experiments\\.\\BugSwarmProjects\\dubbo-416671625\\dubbo-registry\\dubbo-registry-api\\src\\main\\java\\org\\apache\\dubbo\\registry\\client\\migration\\MigrationRuleHandler.java",
		"lineNo":104,
		"nullValue":"{declaringClass='ScopeBeanFactory', lineNo=193, type=FROM_NULL_CHECK,traces=[RETURN_FROM_ScopeBeanFactory_188, RETURN_FROM_MigrationRuleHandler_102]}",
		"projectName":"dubbo-416671625",
		"right":null,
		"riskLevel":"LOW"
	},
	{
		"declaringClass":"org.jfree.chart.axis.PeriodAxis",
		"declaringMethod":"org.jfree.chart.axis.PeriodAxis.drawTickMarksHorizontal(java.awt.Graphics2D,org.jfree.chart.axis.AxisState,java.awt.geom.Rectangle2D,org.jfree.chart.util.RectangleEdge)",
		"dereferenceBase":"t",
		"dereferencePart":"t.getFirstMillisecond()",
		"javaFile":"\\Experiments\\.\\BugSwarmProjects\\chart-4\\source\\org\\jfree\\chart\\axis\\PeriodAxis.java",
		"lineNo":725,
		"nullValue":"{declaringClass='PeriodAxis', lineNo=1185, type=FROM_ASSIGN,traces=[RETURN_FROM_PeriodAxis_723]}",
		"projectName":"chart-4",
		"right":null,
		"riskLevel":"HIGH"
	},
	{
		"declaringClass":"org.languagetool.dev.index.LanguageToolFilter",
		"declaringMethod":"org.languagetool.dev.index.LanguageToolFilter.incrementToken()",
		"dereferenceBase":"tokenBuffer#13.getPOSTag()",
		"dereferencePart":"tokenBuffer#13.getPOSTag().toLowerCase()",
		"javaFile":"\\Experiments\\.\\BugSwarmProjects\\languagetool-393031702\\languagetool-wikipedia\\src\\main\\java\\org\\languagetool\\dev\\index\\LanguageToolFilter.java",
		"lineNo":149,
		"nullValue":"{declaringClass='AnalyzedToken', lineNo=-1, type=FROM_ANNOTATION,traces=none}",
		"projectName":"languagetool-393031702",
		"right":null,
		"riskLevel":"LOW"
	},
	{
		"declaringClass":"com.google.javascript.jscomp.parsing.IRFactory$TransformDispatcher",
		"declaringMethod":"com.google.javascript.jscomp.parsing.IRFactory$TransformDispatcher.processLabeledStatement(com.google.javascript.rhino.head.ast.LabeledStatement)",
		"dereferenceBase":"prev",
		"dereferencePart":"prev.addChildToBack()",
		"javaFile":"\\Experiments\\.\\BugSwarmProjects\\closure-2\\src\\com\\google\\javascript\\jscomp\\parsing\\IRFactory.java",
		"lineNo":847,
		"nullValue":"{declaringClass='IRFactory$TransformDispatcher', lineNo=829, type=FROM_ASSIGN,traces=none}",
		"projectName":"closure-2",
		"right":null,
		"riskLevel":"HIGH"
	},
	{
		"declaringClass":"de.charite.compbio.jannovar.mendel.impl.MendelianCheckerARCompoundHet",
		"declaringMethod":"de.charite.compbio.jannovar.mendel.impl.MendelianCheckerARCompoundHet.isCompatibleWithUnaffected(de.charite.compbio.jannovar.mendel.impl.Candidate)",
		"dereferenceBase":"pmGT",
		"dereferencePart":"pmGT.isHet()",
		"javaFile":"\\Experiments\\.\\BugSwarmProjects\\jannovar-146105695\\jannovar-core\\src\\main\\java\\de\\charite\\compbio\\jannovar\\mendel\\impl\\MendelianCheckerARCompoundHet.java",
		"lineNo":122,
		"nullValue":"{declaringClass='ImmutableSortedMap', lineNo=530, type=FROM_ASSIGN,traces=[RETURN_FROM_GenotypeCalls_78, RETURN_FROM_MendelianCheckerARCompoundHet_117]}",
		"projectName":"jannovar-146105695",
		"right":null,
		"riskLevel":"HIGH"
	},
	{
		"declaringClass":"org.jfree.data.time.TimeSeriesCollection",
		"declaringMethod":"org.jfree.data.time.TimeSeriesCollection.getRangeBounds(java.util.List,org.jfree.data.Range,boolean)",
		"dereferenceBase":"series",
		"dereferencePart":"series.getMinY()",
		"javaFile":"\\Experiments\\.\\BugSwarmProjects\\chart-4\\source\\org\\jfree\\data\\time\\TimeSeriesCollection.java",
		"lineNo":714,
		"nullValue":"{declaringClass='TimeSeriesCollection', lineNo=287, type=FROM_RETURN,traces=[RETURN_FROM_TimeSeriesCollection_712]}",
		"projectName":"chart-4",
		"right":null,
		"riskLevel":"MIDDLE"
	},
	{
		"declaringClass":"com.fasterxml.jackson.databind.ser.std.EnumMapSerializer",
		"declaringMethod":"com.fasterxml.jackson.databind.ser.std.EnumMapSerializer.serializeContents(java.util.EnumMap,com.fasterxml.jackson.core.JsonGenerator,com.fasterxml.jackson.databind.SerializerProvider)",
		"dereferenceBase":"currSerializer",
		"dereferencePart":"currSerializer.serialize(valueElem,jgen,provider)",
		"javaFile":"\\Experiments\\.\\BugSwarmProjects\\JacksonDatabind-3\\src\\main\\java\\com\\fasterxml\\jackson\\databind\\ser\\std\\EnumMapSerializer.java",
		"lineNo":245,
		"nullValue":"{declaringClass='EnumMapSerializer', lineNo=206, type=FROM_ASSIGN,traces=none}",
		"projectName":"JacksonDatabind-3",
		"right":null,
		"riskLevel":"HIGH"
	},
	{
		"declaringClass":"com.google.javascript.jscomp.TypeCheck",
		"declaringMethod":"com.google.javascript.jscomp.TypeCheck.ensureTyped(com.google.javascript.jscomp.NodeTraversal,com.google.javascript.rhino.Node,com.google.javascript.rhino.jstype.JSType)",
		"dereferenceBase":"type",
		"dereferencePart":"type.isFunctionType()",
		"javaFile":"\\Experiments\\.\\BugSwarmProjects\\closure-2\\src\\com\\google\\javascript\\jscomp\\TypeCheck.java",
		"lineNo":1966,
		"nullValue":"{declaringClass='ObjectType', lineNo=617, type=FROM_ASSIGN,traces=[RETURN_FROM_Scope_459, RETURN_FROM_TypeCheck_517, PASS_AT_TypeCheck_517]}",
		"projectName":"closure-2",
		"right":null,
		"riskLevel":"HIGH"
	},
	{
		"declaringClass":"org.traccar.protocol.WondexProtocolDecoder",
		"declaringMethod":"org.traccar.protocol.WondexProtocolDecoder.decode(org.jboss.netty.channel.Channel,java.net.SocketAddress,java.lang.Object)",
		"dereferenceBase":"deviceId#14",
		"dereferencePart":"deviceId#14.getDeviceId()",
		"javaFile":"\\Experiments\\.\\BugSwarmProjects\\traccar-255051211\\src\\org\\traccar\\protocol\\WondexProtocolDecoder.java",
		"lineNo":79,
		"nullValue":"{declaringClass='BaseProtocolDecoder', lineNo=118, type=FROM_RETURN,traces=[RETURN_FROM_WondexProtocolDecoder_75]}",
		"projectName":"traccar-255051211",
		"right":null,
		"riskLevel":"MIDDLE"
	},
	{
		"declaringClass":"com.adobe.acs.commons.errorpagehandler.cache.impl.ErrorPageCacheImpl",
		"declaringMethod":"com.adobe.acs.commons.errorpagehandler.cache.impl.ErrorPageCacheImpl.get(java.lang.String,org.apache.sling.api.SlingHttpServletRequest,org.apache.sling.api.SlingHttpServletResponse)",
		"dereferenceBase":"cacheEntry",
		"dereferencePart":"cacheEntry.isExpired()",
		"javaFile":"\\Experiments\\.\\BugSwarmProjects\\acs-aem-commons-461893214\\bundle\\src\\main\\java\\com\\adobe\\acs\\commons\\errorpagehandler\\cache\\impl\\ErrorPageCacheImpl.java",
		"lineNo":86,
		"nullValue":"{declaringClass='ErrorPageCacheImpl', lineNo=84, type=FROM_NULL_CHECK,traces=none}",
		"projectName":"acs-aem-commons-461893214",
		"right":null,
		"riskLevel":"LOW"
	},
	{
		"declaringClass":"org.apache.commons.math.optimization.fitting.HarmonicCoefficientsGuesser",
		"declaringMethod":"org.apache.commons.math.optimization.fitting.HarmonicCoefficientsGuesser.sortObservations()",
		"dereferenceBase":"mI",
		"dereferencePart":"mI.getX()",
		"javaFile":"\\Experiments\\.\\BugSwarmProjects\\math-70\\src\\main\\java\\org\\apache\\commons\\math\\optimization\\fitting\\HarmonicCoefficientsGuesser.java",
		"lineNo":174,
		"nullValue":"{declaringClass='HarmonicCoefficientsGuesser', lineNo=179, type=FROM_ASSIGN,traces=none}",
		"projectName":"math-70",
		"right":null,
		"riskLevel":"HIGH"
	},
	{
		"declaringClass":"okhttp3.guide.GetExample",
		"declaringMethod":"okhttp3.guide.GetExample.run(java.lang.String)",
		"dereferenceBase":"response.body()",
		"dereferencePart":"response.body().string()",
		"javaFile":"\\Experiments\\.\\BugSwarmProjects\\okhttp-528014967\\samples\\guide\\src\\main\\java\\okhttp3\\guide\\GetExample.java",
		"lineNo":17,
		"nullValue":"{declaringClass='Response', lineNo=-1, type=FROM_ANNOTATION,traces=none}",
		"projectName":"okhttp-528014967",
		"right":null,
		"riskLevel":"LOW"
	},
	{
		"declaringClass":"de.charite.compbio.jannovar.mendel.impl.MendelianCheckerARCompoundHet",
		"declaringMethod":"de.charite.compbio.jannovar.mendel.impl.MendelianCheckerARCompoundHet.collectTrioCandidates(java.util.Collection)",
		"dereferenceBase":"gtP",
		"dereferencePart":"gtP.isHet()",
		"javaFile":"\\Experiments\\.\\BugSwarmProjects\\jannovar-146105695\\jannovar-core\\src\\main\\java\\de\\charite\\compbio\\jannovar\\mendel\\impl\\MendelianCheckerARCompoundHet.java",
		"lineNo":149,
		"nullValue":"{declaringClass='ImmutableSortedMap', lineNo=530, type=FROM_ASSIGN,traces=[RETURN_FROM_GenotypeCalls_78, RETURN_FROM_MendelianCheckerARCompoundHet_143]}",
		"projectName":"jannovar-146105695",
		"right":null,
		"riskLevel":"HIGH"
	},
	{
		"declaringClass":"edu.harvard.iq.dataverse.LoginPage",
		"declaringMethod":"edu.harvard.iq.dataverse.LoginPage.login()",
		"dereferenceBase":"r#15",
		"dereferencePart":"r#15.getEmail()",
		"javaFile":"\\Experiments\\.\\BugSwarmProjects\\dataverse-402758963\\src\\main\\java\\edu\\harvard\\iq\\dataverse\\LoginPage.java",
		"lineNo":172,
		"nullValue":"{declaringClass='AuthenticationServiceBean', lineNo=543, type=FROM_RETURN,traces=[RETURN_FROM_AuthenticationServiceBean_357, RETURN_FROM_LoginPage_171]}",
		"projectName":"dataverse-402758963",
		"right":null,
		"riskLevel":"MIDDLE"
	},
	{
		"declaringClass":"edu.harvard.iq.dataverse.export.DDIExportServiceBean",
		"declaringMethod":"edu.harvard.iq.dataverse.export.DDIExportServiceBean.createDatasetDDI(javax.xml.stream.XMLStreamWriter,java.util.Set,java.util.Set,edu.harvard.iq.dataverse.DatasetVersion)",
		"dereferenceBase":"dt",
		"dereferencePart":"dt.getId()",
		"javaFile":"\\Experiments\\.\\BugSwarmProjects\\dataverse-402758963\\src\\main\\java\\edu\\harvard\\iq\\dataverse\\export\\DDIExportServiceBean.java",
		"lineNo":472,
		"nullValue":"{declaringClass='DataFileServiceBean', lineNo=909, type=FROM_RETURN,traces=[RETURN_FROM_DDIExportServiceBean_471]}",
		"projectName":"dataverse-402758963",
		"right":null,
		"riskLevel":"MIDDLE"
	},
	{
		"declaringClass":"com.fasterxml.jackson.databind.introspect.JacksonAnnotationIntrospector",
		"declaringMethod":"com.fasterxml.jackson.databind.introspect.JacksonAnnotationIntrospector.resolveSetterConflict(com.fasterxml.jackson.databind.cfg.MapperConfig,com.fasterxml.jackson.databind.introspect.AnnotatedMethod,com.fasterxml.jackson.databind.introspect.AnnotatedMethod)",
		"dereferenceBase":"cls2",
		"dereferencePart":"cls2.isPrimitive()",
		"javaFile":"\\Experiments\\.\\BugSwarmProjects\\JacksonDatabind-80\\src\\main\\java\\com\\fasterxml\\jackson\\databind\\introspect\\JacksonAnnotationIntrospector.java",
		"lineNo":497,
		"nullValue":"{declaringClass='AnnotatedMethod', lineNo=140, type=FROM_ASSIGN,traces=[RETURN_FROM_JacksonAnnotationIntrospector_489]}",
		"projectName":"JacksonDatabind-80",
		"right":null,
		"riskLevel":"HIGH"
	},
	{
		"declaringClass":"edu.harvard.iq.dataverse.EditDatafilesPage",
		"declaringMethod":"edu.harvard.iq.dataverse.EditDatafilesPage.processUploadedFileList(java.util.List)",
		"dereferenceBase":"dataFile.getFileMetadata()",
		"dereferencePart":"dataFile.getFileMetadata().getLabel()",
		"javaFile":"\\Experiments\\.\\BugSwarmProjects\\dataverse-402758963\\src\\main\\java\\edu\\harvard\\iq\\dataverse\\EditDatafilesPage.java",
		"lineNo":1947,
		"nullValue":"{declaringClass='DataFile', lineNo=482, type=FROM_RETURN,traces=[RETURN_FROM_DataFile_478, RETURN_FROM_EditDatafilesPage_1947]}",
		"projectName":"dataverse-402758963",
		"right":null,
		"riskLevel":"MIDDLE"
	},
	{
		"declaringClass":"com.peterphi.carbon.util.mediainfo.AudioTrack",
		"declaringMethod":"com.peterphi.carbon.util.mediainfo.AudioTrack.getRate()",
		"dereferenceBase":"e",
		"dereferencePart":"e.getText()",
		"javaFile":"\\Experiments\\.\\BugSwarmProjects\\stdlib-290369132\\util\\carbon-client\\src\\main\\java\\com\\peterphi\\carbon\\util\\mediainfo\\AudioTrack.java",
		"lineNo":25,
		"nullValue":"{declaringClass='XMLWrapper', lineNo=79, type=FROM_RETURN,traces=[RETURN_FROM_AudioTrack_24]}",
		"projectName":"stdlib-290369132",
		"right":null,
		"riskLevel":"MIDDLE"
	},
	{
		"declaringClass":"com.squareup.okhttp.logging.HttpLoggingInterceptor",
		"declaringMethod":"com.squareup.okhttp.logging.HttpLoggingInterceptor.intercept(com.squareup.okhttp.Interceptor$Chain)",
		"dereferenceBase":"requestBody",
		"dereferencePart":"requestBody.contentType()",
		"javaFile":"\\Experiments\\.\\BugSwarmProjects\\okhttp-93618854\\okhttp-logging-interceptor\\src\\main\\java\\com\\squareup\\okhttp\\logging\\HttpLoggingInterceptor.java",
		"lineNo":164,
		"nullValue":"{declaringClass='HttpLoggingInterceptor', lineNo=149, type=FROM_NULL_CHECK,traces=none}",
		"projectName":"okhttp-93618854",
		"right":null,
		"riskLevel":"LOW"
	},
	{
		"declaringClass":"org.jsoup.parser.HtmlTreeBuilder",
		"declaringMethod":"org.jsoup.parser.HtmlTreeBuilder.parseFragment(java.lang.String,org.jsoup.nodes.Element,java.lang.String,org.jsoup.parser.Parser)",
		"dereferenceBase":"context.ownerDocument()",
		"dereferencePart":"context.ownerDocument().quirksMode()",
		"javaFile":"\\Experiments\\.\\BugSwarmProjects\\Jsoup-89\\src\\main\\java\\org\\jsoup\\parser\\HtmlTreeBuilder.java",
		"lineNo":92,
		"nullValue":"{declaringClass='Node', lineNo=269, type=FROM_ASSIGN,traces=[RETURN_FROM_HtmlTreeBuilder_92]}",
		"projectName":"Jsoup-89",
		"right":null,
		"riskLevel":"HIGH"
	},
	{
		"declaringClass":"edu.harvard.iq.dataverse.Dataverse",
		"declaringMethod":"edu.harvard.iq.dataverse.Dataverse.getGuestbookRootDataverseName()",
		"dereferenceBase":"testDV.getOwner()",
		"dereferencePart":"testDV.getOwner().guestbookRoot",
		"javaFile":"\\Experiments\\.\\BugSwarmProjects\\dataverse-402758963\\src\\main\\java\\edu\\harvard\\iq\\dataverse\\Dataverse.java",
		"lineNo":466,
		"nullValue":"{declaringClass='DvObjectContainer', lineNo=19, type=FROM_ASSIGN,traces=[RETURN_FROM_Dataverse_466]}",
		"projectName":"dataverse-402758963",
		"right":null,
		"riskLevel":"HIGH"
	},
	{
		"declaringClass":"com.google.javascript.jscomp.RenameLabels$ProcessLabels",
		"declaringMethod":"com.google.javascript.jscomp.RenameLabels$ProcessLabels.visitLabel(com.google.javascript.rhino.Node,com.google.javascript.rhino.Node)",
		"dereferenceBase":"parent",
		"dereferencePart":"parent.replaceChild(node,node.getLastChild())",
		"javaFile":"\\Experiments\\.\\BugSwarmProjects\\closure-2\\src\\com\\google\\javascript\\jscomp\\RenameLabels.java",
		"lineNo":228,
		"nullValue":"{declaringClass='NodeTraversal', lineNo=277, type=FROM_ASSIGN,traces=[PASS_AT_NodeTraversal_277, PASS_AT_NodeTraversal_505, PASS_AT_RenameLabels$ProcessLabels_172]}",
		"projectName":"closure-2",
		"right":null,
		"riskLevel":"HIGH"
	},
	{
		"declaringClass":"com.fasterxml.jackson.databind.introspect.JacksonAnnotationIntrospector",
		"declaringMethod":"com.fasterxml.jackson.databind.introspect.JacksonAnnotationIntrospector._findTypeResolver(com.fasterxml.jackson.databind.cfg.MapperConfig,com.fasterxml.jackson.databind.introspect.Annotated,com.fasterxml.jackson.databind.JavaType)",
		"dereferenceBase":"b",
		"dereferencePart":"b.init(info.use(),idRes)",
		"javaFile":"\\Experiments\\.\\BugSwarmProjects\\JacksonDatabind-13\\src\\main\\java\\com\\fasterxml\\jackson\\databind\\introspect\\JacksonAnnotationIntrospector.java",
		"lineNo":908,
		"nullValue":"{declaringClass='ClassUtil', lineNo=376, type=FROM_RETURN,traces=[RETURN_FROM_MapperConfig_405, RETURN_FROM_JacksonAnnotationIntrospector_890]}",
		"projectName":"JacksonDatabind-13",
		"right":null,
		"riskLevel":"MIDDLE"
	},
	{
		"declaringClass":"de.charite.compbio.jannovar.vardbs.dbsnp.DBSNPInfoFactory",
		"declaringMethod":"de.charite.compbio.jannovar.vardbs.dbsnp.DBSNPInfoFactory.build(htsjdk.variant.vcf.VCFHeader)",
		"dereferenceBase":"vcfHeader.getMetaDataLine(\"reference\")",
		"dereferencePart":"vcfHeader.getMetaDataLine(\"reference\").getValue()",
		"javaFile":"\\Experiments\\.\\BugSwarmProjects\\jannovar-249719464\\jannovar-vardbs\\src\\main\\java\\de\\charite\\compbio\\jannovar\\vardbs\\dbsnp\\DBSNPInfoFactory.java",
		"lineNo":16,
		"nullValue":"{declaringClass='VCFHeader', lineNo=422, type=FROM_RETURN,traces=[RETURN_FROM_DBSNPInfoFactory_16]}",
		"projectName":"jannovar-249719464",
		"right":null,
		"riskLevel":"MIDDLE"
	},
	{
		"declaringClass":"de.charite.compbio.jannovar.vardbs.gnomad.GnomadAnnotationDriver",
		"declaringMethod":"de.charite.compbio.jannovar.vardbs.gnomad.GnomadAnnotationDriver.pickBestPop(htsjdk.variant.variantcontext.VariantContext,java.util.HashMap)",
		"dereferenceBase":"record.getAlleleFrequencies(pop)",
		"dereferencePart":"record.getAlleleFrequencies(pop).size()",
		"javaFile":"\\Experiments\\.\\BugSwarmProjects\\jannovar-249719464\\jannovar-vardbs\\src\\main\\java\\de\\charite\\compbio\\jannovar\\vardbs\\gnomad\\GnomadAnnotationDriver.java",
		"lineNo":377,
		"nullValue":"{declaringClass='ImmutableSortedMap', lineNo=530, type=FROM_ASSIGN,traces=[RETURN_FROM_GnomadRecord_199, RETURN_FROM_GnomadAnnotationDriver_377]}",
		"projectName":"jannovar-249719464",
		"right":null,
		"riskLevel":"HIGH"
	},
	{
		"declaringClass":"edu.harvard.iq.dataverse.dataset.DatasetUtil",
		"declaringMethod":"edu.harvard.iq.dataverse.dataset.DatasetUtil.getThumbnailCandidates(edu.harvard.iq.dataverse.Dataset,boolean)",
		"dereferenceBase":"dataAccess",
		"dereferencePart":"dataAccess.getAuxFileAsInputStream()",
		"javaFile":"\\Experiments\\.\\BugSwarmProjects\\dataverse-402758963\\src\\main\\java\\edu\\harvard\\iq\\dataverse\\dataset\\DatasetUtil.java",
		"lineNo":67,
		"nullValue":"{declaringClass='DatasetUtil', lineNo=57, type=FROM_ASSIGN,traces=none}",
		"projectName":"dataverse-402758963",
		"right":null,
		"riskLevel":"HIGH"
	},
	{
		"declaringClass":"edu.harvard.iq.dataverse.ingest.IngestServiceBean",
		"declaringMethod":"edu.harvard.iq.dataverse.ingest.IngestServiceBean.saveAndAddFilesToDataset(edu.harvard.iq.dataverse.DatasetVersion,java.util.List)",
		"dereferenceBase":"dataFile.getFileMetadata()",
		"dereferencePart":"dataFile.getFileMetadata().getCategories()",
		"javaFile":"\\Experiments\\.\\BugSwarmProjects\\dataverse-402758963\\src\\main\\java\\edu\\harvard\\iq\\dataverse\\ingest\\IngestServiceBean.java",
		"lineNo":348,
		"nullValue":"{declaringClass='DataFile', lineNo=482, type=FROM_RETURN,traces=[RETURN_FROM_DataFile_478, RETURN_FROM_IngestServiceBean_348]}",
		"projectName":"dataverse-402758963",
		"right":null,
		"riskLevel":"MIDDLE"
	}
]
