acs-aem-commons-374231969,7131,0,14,5,4,5,0,0,9,0,Not found,0,Not found,0,Not found,25.878
acs-aem-commons-374231978,7131,0,14,5,4,5,0,0,9,0,Not found,0,Not found,0,Not found,22.0
acs-aem-commons-461893214,7638,0,17,7,5,5,0,1,9,0,Not found,0,Not found,0,Not found,24.034
artemis-odb-71816517,3816,0,9,1,8,0,0,0,2,0,Not found,0,Not found,0,Not found,77.752
artemis-odb-74488108,1931,0,4,2,2,0,0,0,1,0,Not found,0,Not found,0,Not found,15.798
atomix-298262068,10155,0,12,8,2,2,0,0,2,0,Not found,0,Not found,0,Not found,30.164
BungeeCord-130330788,5028,0,16,12,0,4,0,0,1,1,All are found,1,All are found,1,All are found,42.814
byte-buddy-123642634,8867,0,0,0,0,0,0,0,1,0,Not found,0,Not found,0,Not found,35.982
byte-buddy-140517155,9327,0,0,0,0,0,0,0,1,0,Not found,0,Not found,0,Not found,43.138
byte-buddy-148275738,9414,0,0,0,0,0,0,0,1,0,Not found,0,Not found,0,Not found,39.858
byte-buddy-148830162,9434,0,0,0,0,0,0,0,2,0,Not found,0,Not found,0,Not found,39.556
byte-buddy-95795967,7354,0,1,0,0,1,0,0,1,0,Not found,0,Not found,0,Not found,26.694
chart-14,7698,0,122,115,7,0,0,0,4,0,Not found,0,Not found,0,Not found,34.552
chart-16,7667,0,123,115,7,1,0,0,7,0,Not found,0,Not found,0,Not found,33.716
chart-4,8592,0,133,124,9,0,0,0,12,12,All are found,12,All are found,12,All are found,36.628
Cli-30,246,0,0,0,0,0,0,0,4,0,Not found,0,Not found,0,Not found,0.851
Cli-5,195,0,0,0,0,0,0,0,2,0,Not found,0,Not found,0,Not found,0.7
closure-2,13694,0,478,324,100,54,0,0,1,0,Not found,0,Not found,0,Not found,106.378
Csv-11,124,0,0,0,0,0,0,0,1,0,Not found,0,Not found,0,Not found,0.657
Csv-4,116,0,0,0,0,0,0,0,1,0,Not found,0,Not found,0,Not found,0.598
Csv-9,121,0,0,0,0,0,0,0,1,0,Not found,0,Not found,0,Not found,0.625
dataverse-402758963,12223,0,409,167,221,21,0,0,1,0,Not found,0,Not found,0,Not found,314.391
deadcode4j-131735009,906,0,6,0,0,6,0,0,2,0,Not found,0,Not found,0,Not found,2.509
dubbo-416671625,17333,0,168,57,78,33,0,0,4,0,Not found,0,Not found,0,Not found,88.412
JacksonDatabind-107,7614,0,116,30,72,14,0,0,1,0,Not found,1,All are found,1,All are found,32.12
JacksonDatabind-13,6528,0,85,25,48,12,0,0,1,0,Not found,0,Not found,0,Not found,24.292
JacksonDatabind-3,6129,0,82,22,46,14,0,0,1,0,Not found,0,Not found,0,Not found,22.288
JacksonDatabind-36,6954,0,97,36,50,11,0,0,1,0,Not found,0,Not found,0,Not found,29.025
JacksonDatabind-80,7538,0,117,30,63,24,0,0,1,0,Not found,0,Not found,0,Not found,31.458
JacksonDatabind-93,7218,0,101,35,58,8,0,0,1,0,Not found,0,Not found,0,Not found,29.976
JacksonDatabind-95,7219,0,101,35,58,8,0,0,1,1,All are found,1,All are found,1,All are found,29.17
jannovar-146105695,4447,0,107,77,22,8,0,0,4,0,Not found,4,All are found,4,All are found,31.882
jannovar-249719464,5480,0,107,73,30,4,0,0,4,0,Not found,0,Not found,0,Not found,37.938
Jsoup-89,1581,0,22,8,13,1,0,0,1,0,Not found,0,Not found,0,Not found,4.898
lang-20,4762,0,77,33,43,1,0,0,2,0,Not found,0,Not found,0,Not found,21.888
lang-33,2093,0,4,2,0,2,0,0,1,0,Not found,0,Not found,0,Not found,7.557
lang-39,2040,0,5,3,0,2,0,0,1,0,Not found,0,Not found,0,Not found,6.968
languagetool-393031702,13549,0,156,32,15,109,0,0,1,0,Not found,0,Not found,0,Not found,122.2
math-4,7646,0,36,31,5,0,0,0,2,1,Part are found,2,All are found,2,All are found,202.17
math-70,4731,0,5,2,3,0,0,0,1,0,Not found,0,Not found,0,Not found,25.081
math-79,4506,0,5,2,3,0,0,0,1,0,Not found,1,All are found,1,All are found,22.861
nutz-90868641,6251,0,165,33,117,15,0,0,2,0,Not found,0,Not found,0,Not found,24.573
OpenID-Connect-Java-Spring-Server-358117230,2727,0,6,0,6,0,0,0,2,0,Not found,0,Not found,0,Not found,34.417
openpnp-213669200,5301,0,29,4,25,0,0,0,1,1,All are found,1,All are found,1,All are found,15.789
orbit-237244974,6504,0,19,8,10,1,0,0,1,0,Not found,0,Not found,0,Not found,174.402
restcountries-152161308,199,0,0,0,0,0,0,0,7,0,Not found,0,Not found,0,Not found,0.503
restcountries-154683750,199,0,0,0,0,0,0,0,6,0,Not found,0,Not found,0,Not found,0.492
restcountries-207869551,200,0,0,0,0,0,0,0,1,0,Not found,0,Not found,0,Not found,0.537
okhttp-528014967,3150,0,91,18,6,67,0,0,1,0,Not found,0,Not found,1,All are found,10.964
okhttp-93618854,3365,0,22,7,12,3,0,0,2,0,Not found,0,Not found,0,Not found,21.53
stdlib-290369132,5032,0,35,3,26,6,0,0,9,9,All are found,9,All are found,9,All are found,14.856
traccar-255051211,3678,0,72,9,63,0,0,0,145,145,All are found,145,All are found,145,All are found,26.161
traccar-64783123,1076,0,9,2,5,2,0,0,1,0,Not found,0,Not found,1,All are found,4.884
traccar-85219838,1441,0,13,0,13,0,0,0,1,0,Not found,0,Not found,0,Not found,7.069
Universal-G-Code-Sender-172454077,6033,0,30,3,27,0,0,0,2,0,Not found,0,Not found,0,Not found,140.808
Universal-G-Code-Sender-243265926,6197,0,37,3,33,1,0,0,1,0,Not found,0,Not found,0,Not found,147.249
YCSB-334968079,2238,0,18,6,1,11,0,0,1,0,Not found,0,Not found,0,Not found,6.045
