{
  "result":{
    "methodMisuseErrors":[],
    "methodMisuseWarnings":[],
    "npeErrors":[],
    "npeWarningsHighRisk":[{
      "declaringClass":"com.xxxx.fieldsens.AliasCase",
      "declaringMethod":"com.xxxx.fieldsens.AliasCase.entry()",
      "dereferenceBase":"b.field",
      "dereferencePart":"b.field.toString()",
      "javaFile":"F:\\Programming\\ToolAbilityComparison\\src\\main\\java\\com\\xxxx\\fieldsens\\AliasCase.java",
      "lineNo":13,
      "nullValue":"{declaringClass='AliasCase', lineNo=12, type=FROM_ASSIGN,traces=none}",
      "projectName":null,
      "right":null,
      "riskLevel":"HIGH"
    },{
      "declaringClass":"com.xxxx.fieldsens.FieldSensitiveCase",
      "declaringMethod":"com.xxxx.fieldsens.FieldSensitiveCase.method1()",
      "dereferenceBase":"a.field2",
      "dereferencePart":"a.field2.toString()",
      "javaFile":"F:\\Programming\\ToolAbilityComparison\\src\\main\\java\\com\\xxxx\\fieldsens\\FieldSensitiveCase.java",
      "lineNo":9,
      "nullValue":"{declaringClass='FieldSensitiveCase', lineNo=7, type=FROM_ASSIGN,traces=none}",
      "projectName":null,
      "right":null,
      "riskLevel":"HIGH"
    },{
      "declaringClass":"com.xxxx.interproc.SetNullMethodCase",
      "declaringMethod":"com.xxxx.interproc.SetNullMethodCase.method1()",
      "dereferenceBase":"obj.field",
      "dereferencePart":"obj.field.toString()",
      "javaFile":"F:\\Programming\\ToolAbilityComparison\\src\\main\\java\\com\\xxxx\\interproc\\SetNullMethodCase.java",
      "lineNo":12,
      "nullValue":"{declaringClass='SetNullMethodCase$Inited', lineNo=20, type=FROM_ASSIGN,traces=[RETURN_FROM_SetNullMethodCase_11]}",
      "projectName":null,
      "right":null,
      "riskLevel":"HIGH"
    },{
      "declaringClass":"com.xxxx.interproc.SideEffectCase",
      "declaringMethod":"com.xxxx.interproc.SideEffectCase.method1()",
      "dereferenceBase":"obj.field",
      "dereferencePart":"obj.field.toString()",
      "javaFile":"F:\\Programming\\ToolAbilityComparison\\src\\main\\java\\com\\xxxx\\interproc\\SideEffectCase.java",
      "lineNo":13,
      "nullValue":"{declaringClass='SideEffectCase', lineNo=12, type=FROM_ASSIGN,traces=[RETURN_FROM_SideEffectCase_12]}",
      "projectName":null,
      "right":null,
      "riskLevel":"HIGH"
    },{
      "declaringClass":"com.xxxx.objsens.ObjectSensitiveCase",
      "declaringMethod":"com.xxxx.objsens.ObjectSensitiveCase.method1()",
      "dereferenceBase":"b.field",
      "dereferencePart":"b.field.toString()",
      "javaFile":"F:\\Programming\\ToolAbilityComparison\\src\\main\\java\\com\\xxxx\\objsens\\ObjectSensitiveCase.java",
      "lineNo":10,
      "nullValue":"{declaringClass='ObjectSensitiveCase', lineNo=8, type=FROM_ASSIGN,traces=none}",
      "projectName":null,
      "right":null,
      "riskLevel":"HIGH"
    },{
      "declaringClass":"com.xxxx.pathsens.NumericPathCase",
      "declaringMethod":"com.xxxx.pathsens.NumericPathCase.method()",
      "dereferenceBase":"obj",
      "dereferencePart":"obj.toString()",
      "javaFile":"F:\\Programming\\ToolAbilityComparison\\src\\main\\java\\com\\xxxx\\pathsens\\NumericPathCase.java",
      "lineNo":12,
      "nullValue":"{declaringClass='NumericPathCase', lineNo=10, type=FROM_ASSIGN,traces=none}",
      "projectName":null,
      "right":null,
      "riskLevel":"HIGH"
    },{
      "declaringClass":"com.xxxx.interproc.ArgumentPassingCase",
      "declaringMethod":"com.xxxx.interproc.ArgumentPassingCase.m2(java.lang.Object,java.lang.Object,java.lang.Object)",
      "dereferenceBase":"p1",
      "dereferencePart":"p1.toString()",
      "javaFile":"F:\\Programming\\ToolAbilityComparison\\src\\main\\java\\com\\xxxx\\interproc\\ArgumentPassingCase.java",
      "lineNo":19,
      "nullValue":"{declaringClass='ArgumentPassingCase', lineNo=10, type=FROM_ASSIGN,traces=[PASS_AT_ArgumentPassingCase_10]}",
      "projectName":null,
      "right":null,
      "riskLevel":"HIGH"
    },{
      "declaringClass":"com.xxxx.interproc.PassNullAndNonNullCase",
      "declaringMethod":"com.xxxx.interproc.PassNullAndNonNullCase.method3(java.lang.Object)",
      "dereferenceBase":"obj",
      "dereferencePart":"obj.toString()",
      "javaFile":"F:\\Programming\\ToolAbilityComparison\\src\\main\\java\\com\\xxxx\\interproc\\PassNullAndNonNullCase.java",
      "lineNo":15,
      "nullValue":"{declaringClass='PassNullAndNonNullCase', lineNo=9, type=FROM_ASSIGN,traces=[PASS_AT_PassNullAndNonNullCase_9]}",
      "projectName":null,
      "right":null,
      "riskLevel":"HIGH"
    }],
    "npeWarningsLowRisk":[],
    "npeWarningsMiddleRisk":[{
      "declaringClass":"com.xxxx.consens.ContextCase",
      "declaringMethod":"com.xxxx.consens.ContextCase.m1()",
      "dereferenceBase":"a",
      "dereferencePart":"a.hashCode()",
      "javaFile":"F:\\Programming\\ToolAbilityComparison\\src\\main\\java\\com\\xxxx\\consens\\ContextCase.java",
      "lineNo":10,
      "nullValue":"{declaringClass='ContextCase', lineNo=16, type=FROM_RETURN,traces=[RETURN_FROM_ContextCase_9]}",
      "projectName":null,
      "right":null,
      "riskLevel":"MIDDLE"
    },{
      "declaringClass":"com.xxxx.interproc.ReturnCase",
      "declaringMethod":"com.xxxx.interproc.ReturnCase.entry()",
      "dereferenceBase":"obj1",
      "dereferencePart":"obj1.toString()",
      "javaFile":"F:\\Programming\\ToolAbilityComparison\\src\\main\\java\\com\\xxxx\\interproc\\ReturnCase.java",
      "lineNo":10,
      "nullValue":"{declaringClass='ReturnCase', lineNo=15, type=FROM_RETURN,traces=[RETURN_FROM_ReturnCase_9]}",
      "projectName":null,
      "right":null,
      "riskLevel":"MIDDLE"
    },{
      "declaringClass":"com.xxxx.interproc.ReturnDepth2Case",
      "declaringMethod":"com.xxxx.interproc.ReturnDepth2Case.method1()",
      "dereferenceBase":"a",
      "dereferencePart":"a.toString()",
      "javaFile":"F:\\Programming\\ToolAbilityComparison\\src\\main\\java\\com\\xxxx\\interproc\\ReturnDepth2Case.java",
      "lineNo":10,
      "nullValue":"{declaringClass='ReturnDepth2Case', lineNo=17, type=FROM_RETURN,traces=[RETURN_FROM_ReturnDepth2Case_14, RETURN_FROM_ReturnDepth2Case_9]}",
      "projectName":null,
      "right":null,
      "riskLevel":"MIDDLE"
    },{
      "declaringClass":"com.xxxx.interproc.ReturnDepth2RandomCase",
      "declaringMethod":"com.xxxx.interproc.ReturnDepth2RandomCase.method1()",
      "dereferenceBase":"a",
      "dereferencePart":"a.toString()",
      "javaFile":"F:\\Programming\\ToolAbilityComparison\\src\\main\\java\\com\\xxxx\\interproc\\ReturnDepth2RandomCase.java",
      "lineNo":10,
      "nullValue":"{declaringClass='ReturnDepth2RandomCase', lineNo=18, type=FROM_RETURN,traces=[RETURN_FROM_ReturnDepth2RandomCase_14, RETURN_FROM_ReturnDepth2RandomCase_9]}",
      "projectName":null,
      "right":null,
      "riskLevel":"MIDDLE"
    }],
    "totalNpeWarningNum":12
  },
  "npeWarningMiddleRiskNum":4,
  "nodeNum":64,
  "costTime":3.364,
  "npeErrorNum":0,
  "methodMisuseErrorsNum":0,
  "methodMisuseWarningsNum":0,
  "npeWarningHighRiskNum":8,
  "npeWarningLowRiskNum":0
}
