acs-aem-commons-374231969,7131,0,16,6,1,9,0,0,9,0,Not found,0,Not found,0,Not found,29.166
acs-aem-commons-374231978,7131,0,16,6,1,9,0,0,9,0,Not found,0,Not found,0,Not found,24.238
acs-aem-commons-461893214,7638,0,18,7,2,9,0,1,9,0,Not found,0,Not found,0,Not found,25.924
artemis-odb-71816517,3816,0,8,1,7,0,0,0,2,0,Not found,0,Not found,0,Not found,47.679
artemis-odb-74488108,1931,0,4,2,2,0,0,0,1,0,Not found,0,Not found,0,Not found,9.473
atomix-298262068,10155,0,14,8,2,4,0,0,2,0,Not found,0,Not found,0,Not found,31.373
BungeeCord-130330788,5028,0,18,12,0,6,0,0,1,1,All are found,1,All are found,1,All are found,45.283
byte-buddy-123642634,8867,0,3,0,0,3,0,0,1,0,Not found,0,Not found,0,Not found,36.506
byte-buddy-140517155,9327,0,3,0,0,3,0,0,1,0,Not found,0,Not found,0,Not found,43.939
byte-buddy-148275738,9414,0,3,0,0,3,0,0,1,0,Not found,0,Not found,0,Not found,40.66
byte-buddy-148830162,9434,0,3,0,0,3,0,0,2,0,Not found,0,Not found,0,Not found,41.036
byte-buddy-95795967,7354,0,4,0,0,4,0,0,1,0,Not found,0,Not found,0,Not found,27.698
chart-14,7698,0,85,62,7,16,0,0,4,0,Not found,0,Not found,0,Not found,33.345
chart-16,7667,0,85,62,7,16,0,0,7,0,Not found,0,Not found,0,Not found,32.871
chart-4,8592,0,95,72,7,16,0,0,12,12,All are found,12,All are found,12,All are found,37.451
Cli-30,246,0,5,5,0,0,0,0,4,0,Not found,0,Not found,0,Not found,0.841
Cli-5,195,0,0,0,0,0,0,0,2,0,Not found,0,Not found,0,Not found,0.733
closure-2,13694,0,541,290,123,128,0,0,1,0,Not found,0,Not found,0,Not found,141.638
Csv-11,124,0,2,0,0,2,0,0,1,0,Not found,0,Not found,0,Not found,0.641
Csv-4,116,0,2,0,0,2,0,0,1,0,Not found,0,Not found,0,Not found,0.598
Csv-9,121,0,2,0,0,2,0,0,1,0,Not found,0,Not found,0,Not found,0.705
dataverse-402758963,12223,0,377,164,148,65,0,0,1,0,Not found,0,Not found,0,Not found,159.036
deadcode4j-131735009,906,0,5,0,0,5,0,0,2,0,Not found,0,Not found,0,Not found,2.829
dubbo-416671625,17333,0,126,35,61,30,0,0,4,0,Not found,0,Not found,0,Not found,87.403
JacksonDatabind-107,7614,0,115,29,60,26,0,0,1,0,Not found,1,All are found,1,All are found,32.072
JacksonDatabind-13,6528,0,94,27,42,25,0,0,1,0,Not found,0,Not found,0,Not found,24.48
JacksonDatabind-3,6129,0,91,24,41,26,0,0,1,0,Not found,0,Not found,1,All are found,22.455
JacksonDatabind-36,6954,0,106,34,44,28,0,0,1,0,Not found,0,Not found,0,Not found,25.689
JacksonDatabind-80,7538,0,109,31,51,27,0,0,1,0,Not found,0,Not found,0,Not found,30.293
JacksonDatabind-93,7218,0,106,35,44,27,0,0,1,0,Not found,0,Not found,0,Not found,28.514
JacksonDatabind-95,7219,0,106,34,45,27,0,0,1,1,All are found,1,All are found,1,All are found,29.879
jannovar-146105695,4447,0,25,9,8,8,0,0,4,0,Not found,0,Not found,0,Not found,32.376
jannovar-249719464,5480,0,41,20,17,4,0,0,4,0,Not found,0,Not found,0,Not found,40.778
Jsoup-89,1581,0,13,8,1,4,0,0,1,0,Not found,0,Not found,0,Not found,4.701
lang-20,4762,0,66,33,32,1,0,0,2,0,Not found,0,Not found,0,Not found,22.595
lang-33,2093,0,4,2,0,2,0,0,1,0,Not found,0,Not found,0,Not found,7.288
lang-39,2040,0,5,3,0,2,0,0,1,0,Not found,0,Not found,0,Not found,6.928
languagetool-393031702,13549,0,106,26,12,68,0,0,1,0,Not found,0,Not found,0,Not found,128.737
math-4,7646,0,41,35,5,1,0,0,2,1,Part are found,2,All are found,2,All are found,321.478
math-70,4731,0,5,2,3,0,0,0,1,0,Not found,0,Not found,0,Not found,27.376
math-79,4506,0,5,2,3,0,0,0,1,0,Not found,1,All are found,1,All are found,25.826
nutz-90868641,6251,0,170,33,110,27,0,0,2,0,Not found,0,Not found,0,Not found,25.44
OpenID-Connect-Java-Spring-Server-358117230,2727,0,6,0,6,0,0,0,2,0,Not found,0,Not found,0,Not found,113.479
openpnp-213669200,5301,0,20,4,13,3,0,0,1,1,All are found,1,All are found,1,All are found,19.311
orbit-237244974,6504,0,17,7,9,1,0,0,1,0,Not found,0,Not found,0,Not found,134.627
restcountries-152161308,199,0,0,0,0,0,0,0,7,0,Not found,0,Not found,0,Not found,0.536
restcountries-154683750,199,0,0,0,0,0,0,0,6,0,Not found,0,Not found,0,Not found,0.534
restcountries-207869551,200,0,0,0,0,0,0,0,1,0,Not found,0,Not found,0,Not found,0.544
okhttp-528014967,3150,0,83,17,6,60,0,0,1,0,Not found,0,Not found,1,All are found,12.066
okhttp-93618854,3365,0,16,4,9,3,0,0,2,0,Not found,0,Not found,0,Not found,22.127
stdlib-290369132,5032,0,31,3,21,7,0,0,9,9,All are found,9,All are found,9,All are found,16.461
traccar-255051211,3678,0,68,7,61,0,0,0,145,145,All are found,145,All are found,145,All are found,25.687
traccar-64783123,1076,0,9,2,5,2,0,0,1,0,Not found,0,Not found,1,All are found,5.932
traccar-85219838,1441,0,12,0,12,0,0,0,1,0,Not found,0,Not found,0,Not found,8.211
Universal-G-Code-Sender-172454077,6033,0,40,9,23,8,0,0,2,0,Not found,0,Not found,0,Not found,143.57
Universal-G-Code-Sender-243265926,6197,0,52,11,28,13,0,0,1,0,Not found,0,Not found,0,Not found,150.215
YCSB-334968079,2238,0,18,6,1,11,0,0,1,0,Not found,0,Not found,0,Not found,7.854
