acs-aem-commons-374231969,7131,0,23,8,4,11,0,0,9,0,Not found,0,Not found,0,Not found,31.5
acs-aem-commons-374231978,7131,0,23,8,4,11,0,0,9,0,Not found,0,Not found,0,Not found,25.535
acs-aem-commons-461893214,7638,0,26,10,5,11,0,1,9,0,Not found,0,Not found,0,Not found,27.221
artemis-odb-71816517,3816,0,10,1,9,0,0,0,2,0,Not found,0,Not found,0,Not found,195.671
artemis-odb-74488108,1931,0,4,2,2,0,0,0,1,0,Not found,0,Not found,0,Not found,41.153
atomix-298262068,10155,0,22,12,2,8,0,0,2,0,Not found,0,Not found,0,Not found,32.354
BungeeCord-130330788,5028,0,19,12,0,7,0,0,1,1,All are found,1,All are found,1,All are found,67.574
byte-buddy-123642634,8867,0,4,0,0,4,0,0,1,0,Not found,0,Not found,0,Not found,37.637
byte-buddy-140517155,9327,0,4,0,0,4,0,0,1,0,Not found,0,Not found,0,Not found,45.619
byte-buddy-148275738,9414,0,4,0,0,4,0,0,1,0,Not found,0,Not found,0,Not found,43.598
byte-buddy-148830162,9434,0,4,0,0,4,0,0,2,0,Not found,0,Not found,0,Not found,43.703
byte-buddy-95795967,7354,0,5,0,0,5,0,0,1,0,Not found,0,Not found,0,Not found,27.66
chart-14,7698,0,136,113,7,16,0,0,4,0,Not found,0,Not found,0,Not found,41.083
chart-16,7667,0,136,113,7,16,0,0,7,0,Not found,0,Not found,0,Not found,41.26
chart-4,8592,0,150,125,9,16,0,0,12,12,All are found,12,All are found,12,All are found,46.953
Cli-30,246,0,5,5,0,0,0,0,4,0,Not found,0,Not found,0,Not found,1.162
Cli-5,195,0,0,0,0,0,0,0,2,0,Not found,0,Not found,0,Not found,0.89
closure-2,13694,0,641,320,166,155,0,0,1,0,Not found,0,Not found,0,Not found,243.328
Csv-11,124,0,2,0,0,2,0,0,1,0,Not found,0,Not found,0,Not found,0.899
Csv-4,116,0,2,0,0,2,0,0,1,0,Not found,0,Not found,0,Not found,0.825
Csv-9,121,0,2,0,0,2,0,0,1,0,Not found,0,Not found,0,Not found,0.894
dataverse-402758963,12223,0,459,160,224,75,0,0,1,0,Not found,0,Not found,0,Not found,988.778
deadcode4j-131735009,906,0,6,0,0,6,0,0,2,0,Not found,0,Not found,0,Not found,3.031
dubbo-416671625,17333,0,192,56,81,55,0,0,4,0,Not found,0,Not found,0,Not found,99.14
JacksonDatabind-107,7614,0,120,32,69,19,0,0,1,0,Not found,1,All are found,1,All are found,38.085
JacksonDatabind-13,6528,0,100,32,45,23,0,0,1,0,Not found,0,Not found,0,Not found,29.007
JacksonDatabind-3,6129,0,97,29,44,24,0,0,1,0,Not found,0,Not found,1,All are found,26.699
JacksonDatabind-36,6954,0,104,37,47,20,0,0,1,0,Not found,0,Not found,0,Not found,31.247
JacksonDatabind-80,7538,0,122,32,60,30,0,0,1,0,Not found,0,Not found,0,Not found,36.658
JacksonDatabind-93,7218,0,114,36,55,23,0,0,1,0,Not found,0,Not found,0,Not found,34.848
JacksonDatabind-95,7219,0,114,36,55,23,0,0,1,1,All are found,1,All are found,1,All are found,34.293
jannovar-146105695,4447,0,107,77,22,8,0,0,4,0,Not found,4,All are found,4,All are found,40.463
jannovar-249719464,5480,0,107,73,30,4,0,0,4,0,Not found,0,Not found,0,Not found,58.674
Jsoup-89,1581,0,36,8,12,16,0,0,1,0,Not found,0,Not found,0,Not found,5.603
lang-20,4762,0,77,33,42,2,0,0,2,0,Not found,0,Not found,0,Not found,25.999
lang-33,2093,0,4,2,0,2,0,0,1,0,Not found,0,Not found,0,Not found,8.412
lang-39,2040,0,5,3,0,2,0,0,1,0,Not found,0,Not found,0,Not found,8.298
languagetool-393031702,13549,0,113,37,15,61,0,0,1,0,Not found,0,Not found,0,Not found,204.372
math-4,7646,0,41,35,5,1,0,0,2,1,Part are found,2,All are found,2,All are found,765.299
math-70,4731,0,5,2,3,0,0,0,1,0,Not found,0,Not found,0,Not found,47.62
math-79,4506,0,5,2,3,0,0,0,1,0,Not found,1,All are found,1,All are found,41.705
nutz-90868641,6251,0,176,33,112,31,0,0,2,0,Not found,0,Not found,0,Not found,36.789
OpenID-Connect-Java-Spring-Server-358117230,2727,0,6,0,6,0,0,0,2,0,Not found,0,Not found,0,Not found,139.424
openpnp-213669200,5301,0,29,3,22,4,0,0,1,0,Not found,0,Not found,1,All are found,25.107
orbit-237244974,6504,0,19,8,10,1,0,0,1,0,Not found,0,Not found,0,Not found,269.235
restcountries-152161308,199,0,0,0,0,0,0,0,7,0,Not found,0,Not found,0,Not found,0.624
restcountries-154683750,199,0,0,0,0,0,0,0,6,0,Not found,0,Not found,0,Not found,0.611
restcountries-207869551,200,0,0,0,0,0,0,0,1,0,Not found,0,Not found,0,Not found,0.626
okhttp-528014967,3150,0,84,18,6,60,0,0,1,0,Not found,0,Not found,1,All are found,16.291
okhttp-93618854,3365,0,22,7,9,6,0,0,2,0,Not found,0,Not found,0,Not found,26.09
stdlib-290369132,5032,0,37,3,26,8,0,0,9,9,All are found,9,All are found,9,All are found,19.643
traccar-255051211,3678,0,70,7,63,0,0,0,145,145,All are found,145,All are found,145,All are found,53.316
traccar-64783123,1076,0,9,2,5,2,0,0,1,0,Not found,0,Not found,1,All are found,6.853
traccar-85219838,1441,0,13,0,13,0,0,0,1,0,Not found,0,Not found,0,Not found,10.383
Universal-G-Code-Sender-172454077,6033,0,48,12,26,10,0,0,2,0,Not found,0,Not found,0,Not found,154.773
Universal-G-Code-Sender-243265926,6197,0,61,15,31,15,0,0,1,0,Not found,0,Not found,0,Not found,165.33
YCSB-334968079,2238,0,18,6,1,11,0,0,1,0,Not found,0,Not found,0,Not found,9.077
