acs-aem-commons-374231969,7131,0,23,8,4,11,0,0,9,0,Not found,0,Not found,0,Not found,31.415
acs-aem-commons-374231978,7131,0,23,8,4,11,0,0,9,0,Not found,0,Not found,0,Not found,25.519
acs-aem-commons-461893214,7638,0,26,10,5,11,0,1,9,0,Not found,0,Not found,0,Not found,27.04
artemis-odb-71816517,3816,0,10,1,9,0,0,0,2,0,Not found,0,Not found,0,Not found,221.039
artemis-odb-74488108,1931,0,4,2,2,0,0,0,1,0,Not found,0,Not found,0,Not found,41.645
atomix-298262068,10155,0,22,12,2,8,0,0,2,0,Not found,0,Not found,0,Not found,31.892
BungeeCord-130330788,5028,0,19,12,0,7,0,0,1,1,All are found,1,All are found,1,All are found,68.535
byte-buddy-123642634,8867,0,4,0,0,4,0,0,1,0,Not found,0,Not found,0,Not found,36.831
byte-buddy-140517155,9327,0,4,0,0,4,0,0,1,0,Not found,0,Not found,0,Not found,45.458
byte-buddy-148275738,9414,0,4,0,0,4,0,0,1,0,Not found,0,Not found,0,Not found,42.143
byte-buddy-148830162,9434,0,4,0,0,4,0,0,2,0,Not found,0,Not found,0,Not found,43.222
byte-buddy-95795967,7354,0,5,0,0,5,0,0,1,0,Not found,0,Not found,0,Not found,26.5
chart-14,7698,0,136,113,7,16,0,0,4,0,Not found,0,Not found,0,Not found,39.748
chart-16,7667,0,136,113,7,16,0,0,7,0,Not found,0,Not found,0,Not found,39.72
chart-4,8592,0,150,125,9,16,0,0,12,12,All are found,12,All are found,12,All are found,45.638
Cli-30,246,0,5,5,0,0,0,0,4,0,Not found,0,Not found,0,Not found,1.338
Cli-5,195,0,0,0,0,0,0,0,2,0,Not found,0,Not found,0,Not found,1.065
closure-2,13694,0,641,320,165,156,0,0,1,0,Not found,0,Not found,0,Not found,244.866
Csv-11,124,0,2,0,0,2,0,0,1,0,Not found,0,Not found,0,Not found,0.874
Csv-4,116,0,2,0,0,2,0,0,1,0,Not found,0,Not found,0,Not found,0.807
Csv-9,121,0,2,0,0,2,0,0,1,0,Not found,0,Not found,0,Not found,0.819
dataverse-402758963,12223,0,459,160,224,75,0,0,1,0,Not found,0,Not found,0,Not found,1024.512
deadcode4j-131735009,906,0,6,0,0,6,0,0,2,0,Not found,0,Not found,0,Not found,2.914
dubbo-416671625,17333,0,193,56,81,56,0,0,4,0,Not found,0,Not found,0,Not found,97.839
JacksonDatabind-107,7614,0,120,32,69,19,0,0,1,0,Not found,1,All are found,1,All are found,37.014
JacksonDatabind-13,6528,0,100,32,45,23,0,0,1,0,Not found,0,Not found,0,Not found,28.2
JacksonDatabind-3,6129,0,97,29,44,24,0,0,1,0,Not found,0,Not found,1,All are found,25.403
JacksonDatabind-36,6954,0,104,37,47,20,0,0,1,0,Not found,0,Not found,0,Not found,30.176
JacksonDatabind-80,7538,0,122,32,60,30,0,0,1,0,Not found,0,Not found,0,Not found,35.769
JacksonDatabind-93,7218,0,114,35,56,23,0,0,1,0,Not found,0,Not found,0,Not found,33.935
JacksonDatabind-95,7219,0,114,36,55,23,0,0,1,1,All are found,1,All are found,1,All are found,33.051
jannovar-146105695,4447,0,107,77,22,8,0,0,4,0,Not found,4,All are found,4,All are found,39.439
jannovar-249719464,5480,0,107,73,30,4,0,0,4,0,Not found,0,Not found,0,Not found,58.193
Jsoup-89,1581,0,36,8,12,16,0,0,1,0,Not found,0,Not found,0,Not found,5.421
lang-20,4762,0,77,33,42,2,0,0,2,0,Not found,0,Not found,0,Not found,25.219
lang-33,2093,0,4,2,0,2,0,0,1,0,Not found,0,Not found,0,Not found,8.146
lang-39,2040,0,5,3,0,2,0,0,1,0,Not found,0,Not found,0,Not found,8.269
languagetool-393031702,13549,0,114,37,15,62,0,0,1,0,Not found,0,Not found,0,Not found,203.98
math-4,7646,0,41,35,5,1,0,0,2,1,Part are found,2,All are found,2,All are found,779.219
math-70,4731,0,5,2,3,0,0,0,1,0,Not found,0,Not found,0,Not found,49.13
math-79,4506,0,5,2,3,0,0,0,1,0,Not found,1,All are found,1,All are found,43.296
nutz-90868641,6251,0,176,33,112,31,0,0,2,0,Not found,0,Not found,0,Not found,36.132
OpenID-Connect-Java-Spring-Server-358117230,2727,0,6,0,6,0,0,0,2,0,Not found,0,Not found,0,Not found,143.333
openpnp-213669200,5301,0,29,3,22,4,0,0,1,0,Not found,0,Not found,1,All are found,24.553
orbit-237244974,6504,0,19,8,10,1,0,0,1,0,Not found,0,Not found,0,Not found,269.369
restcountries-152161308,199,0,0,0,0,0,0,0,7,0,Not found,0,Not found,0,Not found,0.614
restcountries-154683750,199,0,0,0,0,0,0,0,6,0,Not found,0,Not found,0,Not found,0.616
restcountries-207869551,200,0,0,0,0,0,0,0,1,0,Not found,0,Not found,0,Not found,0.602
okhttp-528014967,3150,0,84,18,6,60,0,0,1,0,Not found,0,Not found,1,All are found,16.491
okhttp-93618854,3365,0,22,7,9,6,0,0,2,0,Not found,0,Not found,0,Not found,26.499
stdlib-290369132,5032,0,37,3,26,8,0,0,9,9,All are found,9,All are found,9,All are found,19.771
traccar-255051211,3678,0,70,7,63,0,0,0,145,145,All are found,145,All are found,145,All are found,54.634
traccar-64783123,1076,0,9,2,5,2,0,0,1,0,Not found,0,Not found,1,All are found,7.244
traccar-85219838,1441,0,13,0,13,0,0,0,1,0,Not found,0,Not found,0,Not found,10.174
Universal-G-Code-Sender-172454077,6033,0,48,12,26,10,0,0,2,0,Not found,0,Not found,0,Not found,158.149
Universal-G-Code-Sender-243265926,6197,0,61,15,31,15,0,0,1,0,Not found,0,Not found,0,Not found,162.882
YCSB-334968079,2238,0,18,6,1,11,0,0,1,0,Not found,0,Not found,0,Not found,9.178
