acs-aem-commons-374231969,7131,0,23,8,4,11,0,0,9,0,Not found,0,Not found,0,Not found,31.116
acs-aem-commons-374231978,7131,0,23,8,4,11,0,0,9,0,Not found,0,Not found,0,Not found,25.375
acs-aem-commons-461893214,7638,0,26,10,5,11,0,1,9,0,Not found,0,Not found,0,Not found,27.153
artemis-odb-71816517,3816,0,10,1,9,0,0,0,2,0,Not found,0,Not found,0,Not found,165.018
artemis-odb-74488108,1931,0,4,2,2,0,0,0,1,0,Not found,0,Not found,0,Not found,39.879
atomix-298262068,10155,0,22,12,2,8,0,0,2,0,Not found,0,Not found,0,Not found,31.101
BungeeCord-130330788,5028,0,19,12,0,7,0,0,1,1,All are found,1,All are found,1,All are found,65.91
byte-buddy-123642634,8867,0,3,0,0,3,0,0,1,0,Not found,0,Not found,0,Not found,36.661
byte-buddy-140517155,9327,0,3,0,0,3,0,0,1,0,Not found,0,Not found,0,Not found,45.212
byte-buddy-148275738,9414,0,3,0,0,3,0,0,1,0,Not found,0,Not found,0,Not found,41.392
byte-buddy-148830162,9434,0,3,0,0,3,0,0,2,0,Not found,0,Not found,0,Not found,40.251
byte-buddy-95795967,7354,0,4,0,0,4,0,0,1,0,Not found,0,Not found,0,Not found,28.531
chart-14,7698,0,136,113,7,16,0,0,4,0,Not found,0,Not found,0,Not found,39.507
chart-16,7667,0,136,113,7,16,0,0,7,0,Not found,0,Not found,0,Not found,39.213
chart-4,8592,0,150,125,9,16,0,0,12,12,All are found,12,All are found,12,All are found,43.65
Cli-30,246,0,5,5,0,0,0,0,4,0,Not found,0,Not found,0,Not found,1.091
Cli-5,195,0,0,0,0,0,0,0,2,0,Not found,0,Not found,0,Not found,0.894
closure-2,13694,0,629,316,164,149,0,0,1,0,Not found,0,Not found,0,Not found,232.057
Csv-11,124,0,1,0,0,1,0,0,1,0,Not found,0,Not found,0,Not found,0.994
Csv-4,116,0,1,0,0,1,0,0,1,0,Not found,0,Not found,0,Not found,0.796
Csv-9,121,0,1,0,0,1,0,0,1,0,Not found,0,Not found,0,Not found,0.834
dataverse-402758963,12223,0,446,160,222,64,0,0,1,0,Not found,0,Not found,0,Not found,1042.172
deadcode4j-131735009,906,0,6,0,0,6,0,0,2,0,Not found,0,Not found,0,Not found,3.028
dubbo-416671625,17333,0,189,54,81,54,0,0,4,0,Not found,0,Not found,0,Not found,99.231
JacksonDatabind-107,7614,0,120,32,69,19,0,0,1,0,Not found,1,All are found,1,All are found,36.673
JacksonDatabind-13,6528,0,97,29,45,23,0,0,1,0,Not found,0,Not found,0,Not found,28.078
JacksonDatabind-3,6129,0,94,26,44,24,0,0,1,0,Not found,0,Not found,1,All are found,26.536
JacksonDatabind-36,6954,0,104,37,47,20,0,0,1,0,Not found,0,Not found,0,Not found,30.37
JacksonDatabind-80,7538,0,122,32,60,30,0,0,1,0,Not found,0,Not found,0,Not found,34.839
JacksonDatabind-93,7218,0,114,36,55,23,0,0,1,0,Not found,0,Not found,0,Not found,32.769
JacksonDatabind-95,7219,0,114,36,55,23,0,0,1,1,All are found,1,All are found,1,All are found,34.355
jannovar-146105695,4447,0,107,77,22,8,0,0,4,0,Not found,4,All are found,4,All are found,40.411
jannovar-249719464,5480,0,107,73,30,4,0,0,4,0,Not found,0,Not found,0,Not found,56.418
Jsoup-89,1581,0,36,8,12,16,0,0,1,0,Not found,0,Not found,0,Not found,5.383
lang-20,4762,0,76,33,42,1,0,0,2,0,Not found,0,Not found,0,Not found,25.379
lang-33,2093,0,4,2,0,2,0,0,1,0,Not found,0,Not found,0,Not found,8.432
lang-39,2040,0,5,3,0,2,0,0,1,0,Not found,0,Not found,0,Not found,8.104
languagetool-393031702,13549,0,117,30,15,72,0,0,1,0,Not found,0,Not found,0,Not found,204.055
math-4,7646,0,53,35,5,13,0,0,2,1,Part are found,2,All are found,2,All are found,754.056
math-70,4731,0,5,2,3,0,0,0,1,0,Not found,0,Not found,0,Not found,42.76
math-79,4506,0,5,2,3,0,0,0,1,0,Not found,1,All are found,1,All are found,36.763
nutz-90868641,6251,0,175,33,112,30,0,0,2,0,Not found,0,Not found,0,Not found,33.61
OpenID-Connect-Java-Spring-Server-358117230,2727,0,6,0,6,0,0,0,2,0,Not found,0,Not found,0,Not found,141.852
openpnp-213669200,5301,0,26,3,22,1,0,0,1,0,Not found,0,Not found,1,All are found,24.059
orbit-237244974,6504,0,19,8,10,1,0,0,1,0,Not found,0,Not found,0,Not found,260.109
restcountries-152161308,199,0,0,0,0,0,0,0,7,0,Not found,0,Not found,0,Not found,0.592
restcountries-154683750,199,0,0,0,0,0,0,0,6,0,Not found,0,Not found,0,Not found,0.594
restcountries-207869551,200,0,0,0,0,0,0,0,1,0,Not found,0,Not found,0,Not found,0.58
okhttp-528014967,3150,0,84,18,6,60,0,0,1,0,Not found,0,Not found,1,All are found,15.116
okhttp-93618854,3365,0,19,7,9,3,0,0,2,0,Not found,0,Not found,0,Not found,25.424
stdlib-290369132,5032,0,37,3,26,8,0,0,9,9,All are found,9,All are found,9,All are found,19.031
traccar-255051211,3678,0,70,7,63,0,0,0,145,145,All are found,145,All are found,145,All are found,52.867
traccar-64783123,1076,0,9,2,5,2,0,0,1,0,Not found,0,Not found,1,All are found,6.474
traccar-85219838,1441,0,13,0,13,0,0,0,1,0,Not found,0,Not found,0,Not found,9.999
Universal-G-Code-Sender-172454077,6033,0,47,12,26,9,0,0,2,0,Not found,0,Not found,0,Not found,159.493
Universal-G-Code-Sender-243265926,6197,0,60,15,31,14,0,0,1,0,Not found,0,Not found,0,Not found,159.073
YCSB-334968079,2238,0,18,6,1,11,0,0,1,0,Not found,0,Not found,0,Not found,8.651
