[
  {
    "declaringClass":"org.jfree.chart.plot.XYPlot",
    "declaringMethod":"org.jfree.chart.plot.XYPlot.getDataRange(org.jfree.chart.axis.ValueAxis)",
    "dereferenceBase":"r",
    "dereferencePart":"r.getAnnotations()",
    "javaFile":"/Experiments/./BugSwarmProjects/chart-4/source/org/jfree/chart/plot/XYPlot.java",
    "lineNo":4493,
    "nullValue":"{declaringClass='XYPlot', lineNo=1744, type=FROM_ASSIGN,traces=[RETURN_FROM_XYPlot_4473]}",
    "projectName":"chart-4",
    "riskLevel":"HIGH"
  },
  {
    "declaringClass":"com.fasterxml.jackson.databind.jsontype.impl.AsArrayTypeDeserializer",
    "declaringMethod":"com.fasterxml.jackson.databind.jsontype.impl.AsArrayTypeDeserializer._deserialize(com.fasterxml.jackson.core.JsonParser,com.fasterxml.jackson.databind.DeserializationContext)",
    "dereferenceBase":"deser",
    "dereferencePart":"deser.deserialize($r10,ctxt)",
    "javaFile":"/Experiments/./BugSwarmProjects/JacksonDatabind-107/src/main/java/com/fasterxml/jackson/databind/jsontype/impl/AsArrayTypeDeserializer.java",
    "lineNo":116,
    "nullValue":"{declaringClass='TypeDeserializerBase', lineNo=165, type=FROM_RETURN,traces=[RETURN_FROM_AsArrayTypeDeserializer_97]}",
    "projectName": "JacksonDatabind-107",
    "riskLevel":"MIDDLE"
  },
  {
    "declaringClass":"com.fasterxml.jackson.databind.deser.std.StringArrayDeserializer",
    "declaringMethod":"com.fasterxml.jackson.databind.deser.std.StringArrayDeserializer.deserialize(com.fasterxml.jackson.core.JsonParser,com.fasterxml.jackson.databind.DeserializationContext)",
    "dereferenceBase":"this._elementDeserializer",
    "dereferencePart":"this._elementDeserializer.getNullValue()",
    "javaFile":"/Experiments/./BugSwarmProjects/JacksonDatabind-3/src/main/java/com/fasterxml/jackson/databind/deser/std/StringArrayDeserializer.java",
    "lineNo":66,
    "nullValue":"{declaringClass='StringArrayDeserializer', lineNo=50, type=FROM_NULL_CHECK,traces=none}",
    "projectName":"JacksonDatabind-3",
    "riskLevel":"LOW"
  },
  {
    "declaringClass":"net.md_5.bungee.ConnectionThrottle",
    "declaringMethod":"net.md_5.bungee.ConnectionThrottle.throttle(java.net.InetAddress)",
    "dereferenceBase":"this.throttle.getIfPresent(address)",
    "dereferencePart":"this.throttle.getIfPresent(address).booleanValue()",
    "javaFile":"/Experiments/./BugSwarmProjects/BungeeCord-130330788/proxy/src/main/java/net/md_5/bungee/ConnectionThrottle.java",
    "lineNo":24,
    "nullValue":"none",
    "projectName": "BungeeCord-130330788",
    "riskLevel":"HIGH"
  },
  {
    "declaringClass":"com.fasterxml.jackson.databind.type.TypeFactory",
    "declaringMethod":"com.fasterxml.jackson.databind.type.TypeFactory._fromVariable(com.fasterxml.jackson.databind.type.ClassStack,java.lang.reflect.TypeVariable,com.fasterxml.jackson.databind.type.TypeBindings)",
    "dereferenceBase":"bindings",
    "dereferencePart":"bindings.findBoundType()",
    "javaFile":"/Experiments/./BugSwarmProjects/JacksonDatabind-95/src/main/java/com/fasterxml/jackson/databind/type/TypeFactory.java",
    "lineNo":1413,
    "nullValue":"{declaringClass='TypeFactory', lineNo=692, type=FROM_ASSIGN,traces=[PASS_AT_TypeFactory_692, PASS_AT_TypeFactory_1175]}",
    "projectName": "JacksonDatabind-95",
    "riskLevel":"HIGH"
  },
  {
    "declaringClass":"de.charite.compbio.jannovar.progress.GenomeRegionListFactoryFromSAMSequenceDictionary",
    "declaringMethod":"de.charite.compbio.jannovar.progress.GenomeRegionListFactoryFromSAMSequenceDictionary.construct(htsjdk.samtools.SAMSequenceDictionary)",
    "dereferenceBase":"seqDict",
    "dereferencePart":"seqDict.getSequences()",
    "javaFile":"/Experiments/./BugSwarmProjects/jannovar-146105695/jannovar-htsjdk/src/main/java/de/charite/compbio/jannovar/progress/GenomeRegionListFactoryFromSAMSequenceDictionary.java",
    "lineNo":17,
    "nullValue":"{declaringClass='VCFHeader', lineNo=201, type=FROM_RETURN,traces=[RETURN_FROM_VCFFileReader_38, RETURN_FROM_AnnotateVCFCommand_65, PASS_AT_AnnotateVCFCommand_67]}",
    "projectName": "jannovar-146105695",
    "riskLevel":"MIDDLE"
  },
  {
    "declaringClass":"org.apache.commons.math3.geometry.euclidean.threed.Line",
    "declaringMethod":"org.apache.commons.math3.geometry.euclidean.threed.Line.getAbscissa(org.apache.commons.math3.geometry.euclidean.threed.Vector3D)",
    "dereferenceBase":"point",
    "dereferencePart":"point.subtract()",
    "javaFile":"/Experiments/./BugSwarmProjects/math-4/src/main/java/org/apache/commons/math3/geometry/euclidean/threed/Line.java",
    "lineNo":114,
    "nullValue":"{declaringClass='Line', lineNo=217, type=FROM_ASSIGN,traces=[RETURN_FROM_SubLine_113, PASS_AT_SubLine_116, PASS_AT_Line_129]}",
    "projectName": "math-4",
    "riskLevel":"HIGH"
  },
  {
    "declaringClass":"org.apache.commons.math3.geometry.euclidean.twod.Line",
    "declaringMethod":"org.apache.commons.math3.geometry.euclidean.twod.Line.toSubSpace(org.apache.commons.math3.geometry.Vector)",
    "dereferenceBase":"p2",
    "dereferencePart":"p2.getX()",
    "javaFile":"/Experiments/./BugSwarmProjects/math-4/src/main/java/org/apache/commons/math3/geometry/euclidean/twod/Line.java",
    "lineNo":182,
    "nullValue":"{declaringClass='Line', lineNo=200, type=FROM_RETURN,traces=[RETURN_FROM_SubLine_117, PASS_AT_SubLine_120]}",
    "projectName": "math-4",
    "riskLevel":"MIDDLE"
  },
  {
    "declaringClass":"org.apache.commons.math.stat.clustering.KMeansPlusPlusClusterer",
    "declaringMethod":"org.apache.commons.math.stat.clustering.KMeansPlusPlusClusterer.assignPointsToClusters(java.util.Collection,java.util.Collection)",
    "dereferenceBase":"cluster",
    "dereferencePart":"cluster.addPoint()",
    "javaFile":"/Experiments/./BugSwarmProjects/math-79/src/main/java/org/apache/commons/math/stat/clustering/KMeansPlusPlusClusterer.java",
    "lineNo":91,
    "nullValue":"{declaringClass='KMeansPlusPlusClusterer', lineNo=154, type=FROM_RETURN,traces=[RETURN_FROM_KMeansPlusPlusClusterer_90]}",
    "projectName": "math-79",
    "riskLevel":"MIDDLE"
  },
  {
    "declaringClass":"org.openpnp.util.OpenCvUtils",
    "declaringMethod":"org.openpnp.util.OpenCvUtils.toBufferedImage(org.opencv.core.Mat)",
    "dereferenceBase":"m",
    "dereferencePart":"m.type()",
    "javaFile":"/Experiments/./BugSwarmProjects/openpnp-213669200/src/main/java/org/openpnp/util/OpenCvUtils.java",
    "lineNo":44,
    "nullValue":"{declaringClass='CvPipeline', lineNo=226, type=FROM_NULL_CHECK,traces=[RETURN_FROM_CvPipeline_174, RETURN_FROM_ReferenceBottomVision_74, RETURN_FROM_CvPipeline_139, RETURN_FROM_CvPipeline_139, RETURN_FROM_ReferenceBottomVision_76, RETURN_FROM_ReferenceBottomVision_106, RETURN_FROM_ReferenceBottomVision_110, PASS_AT_ReferenceBottomVision_110]}",
    "projectName": "openpnp-213669200",
    "riskLevel":"LOW"
  },
  {
    "declaringClass":"okhttp3.internal.http.RetryAndFollowUpInterceptor",
    "declaringMethod":"okhttp3.internal.http.RetryAndFollowUpInterceptor.followUpRequest(okhttp3.Response,okhttp3.Route)",
    "dereferenceBase":"selectedProxy",
    "dereferencePart":"selectedProxy.type()",
    "javaFile":"/Experiments/./BugSwarmProjects/okhttp-528014967/okhttp/src/main/java/okhttp3/internal/http/RetryAndFollowUpInterceptor.java",
    "lineNo":286,
    "nullValue":"{declaringClass='OkHttpClient', lineNo=-1, type=FROM_ANNOTATION,traces=none}",
    "projectName": "okhttp-528014967",
    "riskLevel":"LOW"
  },
  {
    "declaringClass":"com.peterphi.std.guice.hibernate.webquery.impl.jpa.JPASearchExecutor",
    "declaringMethod":"com.peterphi.std.guice.hibernate.webquery.impl.jpa.JPASearchExecutor.find(com.peterphi.std.guice.hibernate.webquery.impl.QEntity,com.peterphi.std.guice.restclient.jaxb.webquery.WebQuery,com.peterphi.std.guice.hibernate.webquery.impl.jpa.JPASearchStrategy,java.util.function.Function)",
    "dereferenceBase":"statementLog",
    "dereferencePart":"statementLog.close()",
    "javaFile":"/Experiments/./BugSwarmProjects/stdlib-290369132/guice/hibernate/src/main/java/com/peterphi/std/guice/hibernate/webquery/impl/jpa/JPASearchExecutor.java",
    "lineNo":158,
    "nullValue":"{declaringClass='JPASearchExecutor', lineNo=53, type=FROM_ASSIGN,traces=none}",
    "projectName": "stdlib-290369132",
    "riskLevel":"HIGH"
  },
  {
    "declaringClass":"org.traccar.BaseProtocolDecoder",
    "declaringMethod":"org.traccar.BaseProtocolDecoder.getDeviceSession(org.jboss.netty.channel.Channel,java.net.SocketAddress,java.lang.String[])",
    "dereferenceBase":"channel",
    "dereferencePart":"channel.getPipeline()",
    "javaFile":"/Experiments/./BugSwarmProjects/traccar-255051211/src/org/traccar/BaseProtocolDecoder.java",
    "lineNo":109,
    "nullValue":"{declaringClass='ProtocolTest', lineNo=106, type=FROM_ASSIGN,traces=[PASS_AT_ProtocolTest_106, PASS_AT_BceProtocolDecoder_55]}",
    "projectName": "traccar-255051211",
    "riskLevel":"HIGH"
  },
  {
    "declaringClass":"org.traccar.protocol.CastelProtocolDecoder",
    "declaringMethod":"org.traccar.protocol.CastelProtocolDecoder.decode(org.jboss.netty.channel.ChannelHandlerContext,org.jboss.netty.channel.Channel,java.net.SocketAddress,java.lang.Object)",
    "dereferenceBase":"channel",
    "dereferencePart":"channel.write(response,remoteAddress)",
    "javaFile":"/Experiments/./BugSwarmProjects/traccar-64783123/src/org/traccar/protocol/CastelProtocolDecoder.java",
    "lineNo":95,
    "nullValue":"{declaringClass='CastelProtocolDecoder', lineNo=83, type=FROM_NULL_CHECK,traces=none}",
    "projectName":"traccar-64783123",
    "riskLevel":"LOW"
  },
  {
    "declaringClass":"com.fasterxml.jackson.databind.AnnotationIntrospector",
    "declaringMethod":"com.fasterxml.jackson.databind.AnnotationIntrospector._findAnnotation(com.fasterxml.jackson.databind.introspect.Annotated,java.lang.Class)",
    "dereferenceBase":"annotated",
    "dereferencePart":"annotated.getAnnotation()",
    "javaFile":"/Experiments/./BugSwarmProjects/JacksonDatabind-80/src/main/java/com/fasterxml/jackson/databind/AnnotationIntrospector.java",
    "lineNo":1336,
    "nullValue":"{declaringClass='MapSerializer', lineNo=396, type=FROM_ASSIGN,traces=[PASS_AT_MapSerializer_433, PASS_AT_JacksonAnnotationIntrospector_274]}",
    "projectName": "JacksonDatabind-80",
    "riskLevel":"HIGH"
  }
]